arm,model,seed,subject,cal,brier,ece
B,DeepConvNet,1,S1,raw,0.2311653559331754,0.4063015674492494
B,DeepConvNet,1,S1,platt,0.0619126331364491,0.1309567867827461
B,DeepConvNet,1,S1,isotonic,0.0666769082168769,0.1435389606510514
B,DeepConvNet,1,S2,raw,0.0971020514253735,0.1286381263996176
B,DeepConvNet,1,S2,platt,0.0542346784407476,0.0296842835496279
B,DeepConvNet,1,S2,isotonic,0.0587285989577281,0.0275130486677169
B,DeepConvNet,1,S3,raw,0.0837659735662843,0.0544228102364154
B,DeepConvNet,1,S3,platt,0.0756129470300948,0.0479367647534813
B,DeepConvNet,1,S3,isotonic,0.0748706477926739,0.0493584241682471
B,DeepConvNet,1,S4,raw,0.0546837910967901,0.0390461556721528
B,DeepConvNet,1,S4,platt,0.0644515146667557,0.0566336708730574
B,DeepConvNet,1,S4,isotonic,0.0649264895946588,0.0567883069356934
B,DeepConvNet,1,S5,raw,0.0567013702416281,0.0656085092668945
B,DeepConvNet,1,S5,platt,0.0407692778107653,0.0115244533881138
B,DeepConvNet,1,S5,isotonic,0.0421098311196023,0.0165785345442073
B,DeepConvNet,1,S6,raw,0.0273418560738129,0.0134100063981848
B,DeepConvNet,1,S6,platt,0.0302069291363717,0.0214724772603031
B,DeepConvNet,1,S6,isotonic,0.029853545696868,0.0213179475509824
B,DeepConvNet,1,S7,raw,0.1059860505135357,0.15430645516027
B,DeepConvNet,1,S7,platt,0.0997251900026215,0.1010729756235814
B,DeepConvNet,1,S7,isotonic,0.0894020334072996,0.0712054684798613
B,DeepConvNet,1,S8,raw,0.0074270296769327,0.0062195172608147
B,DeepConvNet,1,S8,platt,0.0077275562419459,0.0047557723165099
B,DeepConvNet,1,S8,isotonic,0.0078603432471593,0.0046164303863707
B,DeepConvNet,1,S9,raw,0.0126565601318451,0.056789726071891
B,DeepConvNet,1,S9,platt,0.0067780688279922,0.0280983417972613
B,DeepConvNet,1,S9,isotonic,0.0075961200460825,0.0336347346976858
B,DeepConvNet,1,S10,raw,0.0071383240261925,0.0039394654688529
B,DeepConvNet,1,S10,platt,0.0069926440565139,0.0028781631361335
B,DeepConvNet,1,S10,isotonic,0.0069786030731915,0.0050690906681563
B,DeepConvNet,2,S1,raw,0.0468543141675903,0.0389263517958933
B,DeepConvNet,2,S1,platt,0.0478455224162371,0.0592011691157088
B,DeepConvNet,2,S1,isotonic,0.0541786408828598,0.0680751588314719
B,DeepConvNet,2,S2,raw,0.0972373024341653,0.1032661590379011
B,DeepConvNet,2,S2,platt,0.1018438148855383,0.1321968566267586
B,DeepConvNet,2,S2,isotonic,0.093804516747489,0.124472097429924
B,DeepConvNet,2,S3,raw,0.1291520522604176,0.1298948117950086
B,DeepConvNet,2,S3,platt,0.1332237849078999,0.125896105164535
B,DeepConvNet,2,S3,isotonic,0.1277945654811648,0.1287146398606733
B,DeepConvNet,2,S4,raw,0.0396719712877105,0.0265955453253428
B,DeepConvNet,2,S4,platt,0.0432440400707013,0.0327578724663133
B,DeepConvNet,2,S4,isotonic,0.0431099059208125,0.0242798263501064
B,DeepConvNet,2,S5,raw,0.0418982090079326,0.0317673033047515
B,DeepConvNet,2,S5,platt,0.0388048543741928,0.0088845026589984
B,DeepConvNet,2,S5,isotonic,0.0396684400414413,0.0130422954655719
B,DeepConvNet,2,S6,raw,0.0307939980764014,0.0094745612066082
B,DeepConvNet,2,S6,platt,0.0318101572184071,0.036527555703592
B,DeepConvNet,2,S6,isotonic,0.0301089440912258,0.0195731571166083
B,DeepConvNet,2,S7,raw,0.1658645844321597,0.1776125089089023
B,DeepConvNet,2,S7,platt,0.1903871510395073,0.1865776915618439
B,DeepConvNet,2,S7,isotonic,0.1762995171153619,0.1799972879992266
B,DeepConvNet,2,S8,raw,0.0084542142608762,0.0036523520849157
B,DeepConvNet,2,S8,platt,0.0087859828344922,0.0225110420302376
B,DeepConvNet,2,S8,isotonic,0.0088329167326501,0.0179380743835121
B,DeepConvNet,2,S9,raw,0.0156471277524246,0.0761930918177372
B,DeepConvNet,2,S9,platt,0.0224513892301666,0.1185441203290782
B,DeepConvNet,2,S9,isotonic,0.0471991906689776,0.1723991092199481
B,DeepConvNet,2,S10,raw,0.0063363183109814,0.0023985055775982
B,DeepConvNet,2,S10,platt,0.0067730409156754,0.0200225048559808
B,DeepConvNet,2,S10,isotonic,0.0064512355253271,0.0160196816293245
B,DeepConvNet,3,S1,raw,0.0536013810017287,0.045729316492505
B,DeepConvNet,3,S1,platt,0.0557077586542014,0.0218630899940586
B,DeepConvNet,3,S1,isotonic,0.0498533121409094,0.0273975097502856
B,DeepConvNet,3,S2,raw,0.1799058571672471,0.197299649890547
B,DeepConvNet,3,S2,platt,0.2024656797787084,0.2426263620630342
B,DeepConvNet,3,S2,isotonic,0.195977106050028,0.2419986323367702
B,DeepConvNet,3,S3,raw,0.0795576893842176,0.0311879045451119
B,DeepConvNet,3,S3,platt,0.0961373805439287,0.0528977858966914
B,DeepConvNet,3,S3,isotonic,0.1060723300412894,0.0590590953239383
B,DeepConvNet,3,S4,raw,0.0578326584484902,0.0574577611782696
B,DeepConvNet,3,S4,platt,0.0582481284672217,0.0376687440143429
B,DeepConvNet,3,S4,isotonic,0.0533854320517607,0.0470612280720386
B,DeepConvNet,3,S5,raw,0.044849796946137,0.036950864547363
B,DeepConvNet,3,S5,platt,0.0399714943211129,0.0136240447600782
B,DeepConvNet,3,S5,isotonic,0.0404600868353536,0.0161803402411712
B,DeepConvNet,3,S6,raw,0.0346031820632128,0.0328080043500962
B,DeepConvNet,3,S6,platt,0.0342545991154587,0.0192154431796715
B,DeepConvNet,3,S6,isotonic,0.0332821636185928,0.0278273421314423
B,DeepConvNet,3,S7,raw,0.0971085621003862,0.1001583152583114
B,DeepConvNet,3,S7,platt,0.1702193990334262,0.1649277946726417
B,DeepConvNet,3,S7,isotonic,0.1306227077215846,0.1289043855542317
B,DeepConvNet,3,S8,raw,0.0081437249082359,0.0012916553240786
B,DeepConvNet,3,S8,platt,0.0090034542840655,0.0349608171956391
B,DeepConvNet,3,S8,isotonic,0.0084247312429557,0.0160868967499884
B,DeepConvNet,3,S9,raw,0.006372952542686,0.0048462870911774
B,DeepConvNet,3,S9,platt,0.0066148512945187,0.0353301317260874
B,DeepConvNet,3,S9,isotonic,0.0062571843164981,0.0177108107044182
B,DeepConvNet,3,S10,raw,0.0057824756041342,0.0120635258155098
B,DeepConvNet,3,S10,platt,0.0079526716078597,0.0436431490763771
B,DeepConvNet,3,S10,isotonic,0.0069362778064862,0.0301380258077299
B,DeepConvNet,4,S1,raw,0.0440348679534764,0.014543223926305
B,DeepConvNet,4,S1,platt,0.04868007564038,0.0201136993697522
B,DeepConvNet,4,S1,isotonic,0.0479909577914749,0.0196444128046841
B,DeepConvNet,4,S2,raw,0.1211460963183358,0.1475194105559269
B,DeepConvNet,4,S2,platt,0.0743001800703,0.0766087226389413
B,DeepConvNet,4,S2,isotonic,0.0852726985042268,0.0835754026669204
B,DeepConvNet,4,S3,raw,0.0914083517114051,0.0813235103871134
B,DeepConvNet,4,S3,platt,0.1210818894664363,0.1218031871441322
B,DeepConvNet,4,S3,isotonic,0.1172305061610418,0.1192273657040695
B,DeepConvNet,4,S4,raw,0.0523457795161252,0.0311171306027737
B,DeepConvNet,4,S4,platt,0.0597532800368427,0.0398972933727331
B,DeepConvNet,4,S4,isotonic,0.0603262179384778,0.0424583709255037
B,DeepConvNet,4,S5,raw,0.058758758644154,0.0793141406904044
B,DeepConvNet,4,S5,platt,0.0421859354674662,0.0362583505121505
B,DeepConvNet,4,S5,isotonic,0.0436974940471494,0.0412414867461367
B,DeepConvNet,4,S6,raw,0.1487510561923263,0.3149249665518709
B,DeepConvNet,4,S6,platt,0.0625235742778537,0.172587095727925
B,DeepConvNet,4,S6,isotonic,0.0978723027142026,0.2396294601246708
B,DeepConvNet,4,S7,raw,0.0650678194061213,0.0538234489011067
B,DeepConvNet,4,S7,platt,0.1199233542091865,0.1427481304030901
B,DeepConvNet,4,S7,isotonic,0.1134889977194805,0.1297978970809594
B,DeepConvNet,4,S8,raw,0.0074033534815414,0.0041563756851481
B,DeepConvNet,4,S8,platt,0.0076803422528278,0.0022046101840726
B,DeepConvNet,4,S8,isotonic,0.007715278419792,0.0046646932500994
B,DeepConvNet,4,S9,raw,0.0075709503435762,0.01724544022774
B,DeepConvNet,4,S9,platt,0.0060035789937995,0.0209449822024587
B,DeepConvNet,4,S9,isotonic,0.0062749404415636,0.021749643236496
B,DeepConvNet,4,S10,raw,0.0063313058005674,0.0047292079298479
B,DeepConvNet,4,S10,platt,0.0066771278731031,0.0019589387870981
B,DeepConvNet,4,S10,isotonic,0.0067832761338453,0.0020568351586312
B,DeepConvNet,42,S1,raw,0.0462521453015965,0.0181613249354878
B,DeepConvNet,42,S1,platt,0.0526255752593631,0.0259227748525808
B,DeepConvNet,42,S1,isotonic,0.0481651297274661,0.0216874628970567
B,DeepConvNet,42,S2,raw,0.2240629749816635,0.2785160524964017
B,DeepConvNet,42,S2,platt,0.1966434502962087,0.2358989368783855
B,DeepConvNet,42,S2,isotonic,0.1961091730245216,0.2365621382485711
B,DeepConvNet,42,S3,raw,0.0779550327916986,0.04451094528776
B,DeepConvNet,42,S3,platt,0.1061185492484653,0.0750357585314436
B,DeepConvNet,42,S3,isotonic,0.0922112197620412,0.0610015577021533
B,DeepConvNet,42,S4,raw,0.0373621931179883,0.0159917645834807
B,DeepConvNet,42,S4,platt,0.0479092899384561,0.0307626726344956
B,DeepConvNet,42,S4,isotonic,0.0429281150521977,0.0310846076621438
B,DeepConvNet,42,S5,raw,0.0416794595085299,0.0322966312113173
B,DeepConvNet,42,S5,platt,0.0403193944815006,0.0283919537685912
B,DeepConvNet,42,S5,isotonic,0.0401075306942586,0.0323455809548214
B,DeepConvNet,42,S6,raw,0.0319046573492739,0.0410845400721165
B,DeepConvNet,42,S6,platt,0.0316341589305084,0.032331207684806
B,DeepConvNet,42,S6,isotonic,0.0294078092447668,0.0086788810892226
B,DeepConvNet,42,S7,raw,0.0930450756414383,0.0880660763560634
B,DeepConvNet,42,S7,platt,0.1595594400868335,0.1623985325956613
B,DeepConvNet,42,S7,isotonic,0.1209029675892301,0.1146896976711666
B,DeepConvNet,42,S8,raw,0.0112008902025333,0.0537345892347906
B,DeepConvNet,42,S8,platt,0.0101264445434249,0.0452420520816607
B,DeepConvNet,42,S8,isotonic,0.0091136560488938,0.0290842917086042
B,DeepConvNet,42,S9,raw,0.0063307119468186,0.0135046648119896
B,DeepConvNet,42,S9,platt,0.0055546656689439,0.019553191217011
B,DeepConvNet,42,S9,isotonic,0.0054911837749825,0.0097928840281079
B,DeepConvNet,42,S10,raw,0.0066408590935458,0.0125402133052111
B,DeepConvNet,42,S10,platt,0.0070711119936621,0.0195154311874227
B,DeepConvNet,42,S10,isotonic,0.0067437550043973,0.0086432838748177
B,EEGNet,1,S1,raw,0.1008496805154788,0.2069635549086078
B,EEGNet,1,S1,platt,0.0432867122343987,0.0376339628603719
B,EEGNet,1,S1,isotonic,0.0401982251697503,0.0262284789677481
B,EEGNet,1,S2,raw,0.2895583909995,0.445072878614327
B,EEGNet,1,S2,platt,0.1239341256714918,0.1839888459400119
B,EEGNet,1,S2,isotonic,0.1251250822051487,0.1989969475509589
B,EEGNet,1,S3,raw,0.1654111543015405,0.2772203321224117
B,EEGNet,1,S3,platt,0.0676164145328247,0.0231321619295912
B,EEGNet,1,S3,isotonic,0.0799370538619238,0.0530994931906285
B,EEGNet,1,S4,raw,0.0465734380299571,0.0929089832324309
B,EEGNet,1,S4,platt,0.05483929963251,0.0382936612034432
B,EEGNet,1,S4,isotonic,0.0509548196173974,0.0438398309360033
B,EEGNet,1,S5,raw,0.0587811122522895,0.1311474542334537
B,EEGNet,1,S5,platt,0.0380313456974087,0.0141751983669361
B,EEGNet,1,S5,isotonic,0.0358115808420374,0.0183983295086065
B,EEGNet,1,S6,raw,0.0379229184386432,0.0558275781877455
B,EEGNet,1,S6,platt,0.0340865430807789,0.0205820124685952
B,EEGNet,1,S6,isotonic,0.0321899390580252,0.0271754276325152
B,EEGNet,1,S7,raw,0.0951461914560969,0.1593449093596709
B,EEGNet,1,S7,platt,0.1418973067107675,0.1420936628107967
B,EEGNet,1,S7,isotonic,0.1186325051475594,0.1212825090591066
B,EEGNet,1,S8,raw,0.0176072568265922,0.0953348323500024
B,EEGNet,1,S8,platt,0.008086863833115,0.0140053747142469
B,EEGNet,1,S8,isotonic,0.007943760926481,0.0011022424663995
B,EEGNet,1,S9,raw,0.0279664359464236,0.1345198312699194
B,EEGNet,1,S9,platt,0.0059937901318856,0.0260070312545673
B,EEGNet,1,S9,isotonic,0.0053260339645055,0.0122452544683256
B,EEGNet,1,S10,raw,0.009892581364185,0.0508517166928223
B,EEGNet,1,S10,platt,0.0069047924541445,0.0066443449325198
B,EEGNet,1,S10,isotonic,0.0069296678039688,0.0012554136794846
B,EEGNet,2,S1,raw,0.1004167689004523,0.2174695994171704
B,EEGNet,2,S1,platt,0.0472307334219736,0.0281311673864309
B,EEGNet,2,S1,isotonic,0.043418734568577,0.0263160770790321
B,EEGNet,2,S2,raw,0.2641092841677444,0.409604511911957
B,EEGNet,2,S2,platt,0.1026705713994434,0.1456911687677023
B,EEGNet,2,S2,isotonic,0.1003519241216998,0.1523771217491688
B,EEGNet,2,S3,raw,0.2344506585246125,0.3576235371813621
B,EEGNet,2,S3,platt,0.0692807314438383,0.0245721980209629
B,EEGNet,2,S3,isotonic,0.0837237257904,0.085064731441336
B,EEGNet,2,S4,raw,0.0500668016515218,0.1207420085955194
B,EEGNet,2,S4,platt,0.0508525473018127,0.0366053988275076
B,EEGNet,2,S4,isotonic,0.0468410933364762,0.0413363876439603
B,EEGNet,2,S5,raw,0.0843765072450746,0.2131707687915496
B,EEGNet,2,S5,platt,0.0382502890279255,0.0136322272802479
B,EEGNet,2,S5,isotonic,0.0371744011345064,0.0160891444058313
B,EEGNet,2,S6,raw,0.0419301183981327,0.0831725346214016
B,EEGNet,2,S6,platt,0.0351122998650899,0.0215644868514799
B,EEGNet,2,S6,isotonic,0.033845365881312,0.027434002726782
B,EEGNet,2,S7,raw,0.0928358402010959,0.1656420866514772
B,EEGNet,2,S7,platt,0.1113272892889011,0.1166429070765508
B,EEGNet,2,S7,isotonic,0.101619863630531,0.1130580131759131
B,EEGNet,2,S8,raw,0.0287837455717742,0.123716271324684
B,EEGNet,2,S8,platt,0.0081242759075652,0.0132900981481119
B,EEGNet,2,S8,isotonic,0.0082077146077462,0.004220048608084
B,EEGNet,2,S9,raw,0.0548708729754658,0.2020192322079017
B,EEGNet,2,S9,platt,0.0068780402240789,0.0277512770860288
B,EEGNet,2,S9,isotonic,0.0063573082220511,0.017357713674823
B,EEGNet,2,S10,raw,0.0086938932627439,0.0497049728113662
B,EEGNet,2,S10,platt,0.0068268555467843,0.0027673011487685
B,EEGNet,2,S10,isotonic,0.0069251103346919,0.0046432007679935
B,EEGNet,3,S1,raw,0.0988399037007666,0.2144574089869556
B,EEGNet,3,S1,platt,0.0465207325650217,0.0439106465391116
B,EEGNet,3,S1,isotonic,0.0437433681749848,0.0297387147356399
B,EEGNet,3,S2,raw,0.2800615862507158,0.4211151532041104
B,EEGNet,3,S2,platt,0.1461676339670785,0.2143007697135273
B,EEGNet,3,S2,isotonic,0.148394372354989,0.2304463553793879
B,EEGNet,3,S3,raw,0.1140748447361423,0.1827394095415647
B,EEGNet,3,S3,platt,0.0902997319054892,0.0604371608697478
B,EEGNet,3,S3,isotonic,0.0870838091926819,0.0566807585057648
B,EEGNet,3,S4,raw,0.0592692724945869,0.1408781158501105
B,EEGNet,3,S4,platt,0.0507113698130698,0.0242428058139288
B,EEGNet,3,S4,isotonic,0.0459659830819399,0.0270698996248289
B,EEGNet,3,S5,raw,0.049665992939243,0.0923987820860929
B,EEGNet,3,S5,platt,0.0366302053495686,0.0157271460137665
B,EEGNet,3,S5,isotonic,0.0355607491975181,0.0188541348881772
B,EEGNet,3,S6,raw,0.0379870634999029,0.0653575472518446
B,EEGNet,3,S6,platt,0.0318637889330703,0.0165892636838916
B,EEGNet,3,S6,isotonic,0.0304195395208611,0.0215432323782106
B,EEGNet,3,S7,raw,0.0912923216270785,0.1542938697872863
B,EEGNet,3,S7,platt,0.1182249743947568,0.114056306576255
B,EEGNet,3,S7,isotonic,0.106996702055642,0.1156873638636624
B,EEGNet,3,S8,raw,0.0177087150246971,0.0921205949796844
B,EEGNet,3,S8,platt,0.0080786883600223,0.0132176798825049
B,EEGNet,3,S8,isotonic,0.0079872334673608,0.0013892538992185
B,EEGNet,3,S9,raw,0.0268518047119053,0.1343125726561993
B,EEGNet,3,S9,platt,0.0061105643893995,0.0264709100112929
B,EEGNet,3,S9,isotonic,0.0053813750549094,0.0128250197665161
B,EEGNet,3,S10,raw,0.0070001339629067,0.0439981565648321
B,EEGNet,3,S10,platt,0.0064255305088403,0.0059726914363386
B,EEGNet,3,S10,isotonic,0.0061827360402796,0.001998783830906
B,EEGNet,4,S1,raw,0.0770453239165756,0.1715016241264346
B,EEGNet,4,S1,platt,0.041265243563995,0.02910166310886
B,EEGNet,4,S1,isotonic,0.0393090969836854,0.0137532819650592
B,EEGNet,4,S2,raw,0.2775601539853627,0.4434384516191088
B,EEGNet,4,S2,platt,0.1583278339024719,0.2383976019798179
B,EEGNet,4,S2,isotonic,0.1631638735412071,0.2558960288130895
B,EEGNet,4,S3,raw,0.1204148676392078,0.2192590377000611
B,EEGNet,4,S3,platt,0.0757095236993724,0.0370419858216265
B,EEGNet,4,S3,isotonic,0.0780940977723329,0.0392575607635068
B,EEGNet,4,S4,raw,0.0449903151072937,0.1062989230044143
B,EEGNet,4,S4,platt,0.0473335192496689,0.0337745462298807
B,EEGNet,4,S4,isotonic,0.0431986972072624,0.0383847349536665
B,EEGNet,4,S5,raw,0.0666135855025832,0.1687388740228338
B,EEGNet,4,S5,platt,0.0354934763422739,0.016303545584945
B,EEGNet,4,S5,isotonic,0.0337644467225468,0.0109981151393997
B,EEGNet,4,S6,raw,0.039947770026709,0.0889593231921084
B,EEGNet,4,S6,platt,0.0324079520026644,0.0187077167351718
B,EEGNet,4,S6,isotonic,0.031235563767821,0.0235924097803781
B,EEGNet,4,S7,raw,0.0622629902539923,0.0938878139723167
B,EEGNet,4,S7,platt,0.1239674792833085,0.1391398162578125
B,EEGNet,4,S7,isotonic,0.1102882159020627,0.1353372364842728
B,EEGNet,4,S8,raw,0.0304108544528064,0.1392528385509767
B,EEGNet,4,S8,platt,0.0082579308333619,0.0169973832856947
B,EEGNet,4,S8,isotonic,0.0082434594704724,0.006037288710086
B,EEGNet,4,S9,raw,0.0274900965798737,0.1340782443669834
B,EEGNet,4,S9,platt,0.0061587303819778,0.019970559395553
B,EEGNet,4,S9,isotonic,0.0057740083782839,0.0084184975313638
B,EEGNet,4,S10,raw,0.0170408048160686,0.0996381968387492
B,EEGNet,4,S10,platt,0.0058825839484629,0.0131941698319351
B,EEGNet,4,S10,isotonic,0.0052106591891814,0.0076600155645097
B,EEGNet,42,S1,raw,0.1119840333206817,0.24487121822688
B,EEGNet,42,S1,platt,0.0455066196893007,0.05334785372805
B,EEGNet,42,S1,isotonic,0.043401539228092,0.0400788194635456
B,EEGNet,42,S2,raw,0.418744171492138,0.5716465314395768
B,EEGNet,42,S2,platt,0.205356957610372,0.3080217661606283
B,EEGNet,42,S2,isotonic,0.2183146761180309,0.3468124146894261
B,EEGNet,42,S3,raw,0.09477618718173,0.1557150982588345
B,EEGNet,42,S3,platt,0.1040112658040505,0.0914516662066082
B,EEGNet,42,S3,isotonic,0.0972315334951649,0.0889369901381324
B,EEGNet,42,S4,raw,0.0433297516242271,0.0811369015333888
B,EEGNet,42,S4,platt,0.0480859107275418,0.0352972106046574
B,EEGNet,42,S4,isotonic,0.0439886810501494,0.0361604457350078
B,EEGNet,42,S5,raw,0.0748434819507386,0.168025110485757
B,EEGNet,42,S5,platt,0.0361994612453838,0.021684238194001
B,EEGNet,42,S5,isotonic,0.0354604436453399,0.0147052794718158
B,EEGNet,42,S6,raw,0.0409471955022004,0.0923370105069293
B,EEGNet,42,S6,platt,0.0307279604395662,0.0130941838655297
B,EEGNet,42,S6,isotonic,0.0295111790702757,0.0187273130203194
B,EEGNet,42,S7,raw,0.0847151531629029,0.1365417337773608
B,EEGNet,42,S7,platt,0.1227219635700215,0.1266865386999962
B,EEGNet,42,S7,isotonic,0.1170049732154145,0.1274311061581773
B,EEGNet,42,S8,raw,0.0173375162658993,0.0901987409451976
B,EEGNet,42,S8,platt,0.0080141629665936,0.0109226526232179
B,EEGNet,42,S8,isotonic,0.0079460150659857,0.0027264161483697
B,EEGNet,42,S9,raw,0.034847728338665,0.1585680523196295
B,EEGNet,42,S9,platt,0.0054287789606111,0.0266391971123545
B,EEGNet,42,S9,isotonic,0.0051666391812913,0.0163226732843052
B,EEGNet,42,S10,raw,0.0149108656452818,0.0860093495294061
B,EEGNet,42,S10,platt,0.006757647967351,0.012723093858882
B,EEGNet,42,S10,isotonic,0.006475617624242,0.001419682557542
B,ShallowConvNet,1,S1,raw,0.1538466059138127,0.2800382605705489
B,ShallowConvNet,1,S1,platt,0.0453435410271667,0.0329920913113111
B,ShallowConvNet,1,S1,isotonic,0.0456985094643684,0.0345232460754035
B,ShallowConvNet,1,S2,raw,0.3721654231137262,0.5297097441600433
B,ShallowConvNet,1,S2,platt,0.0607531169462567,0.1246492541723888
B,ShallowConvNet,1,S2,isotonic,0.0679983687736976,0.1458468334753112
B,ShallowConvNet,1,S3,raw,0.3922752253844039,0.4860879048703223
B,ShallowConvNet,1,S3,platt,0.1239402550573757,0.1096013324429898
B,ShallowConvNet,1,S3,isotonic,0.1286324413620485,0.1175866068750706
B,ShallowConvNet,1,S4,raw,0.0476400055260595,0.0880376529436738
B,ShallowConvNet,1,S4,platt,0.0477437355874696,0.0360149895227347
B,ShallowConvNet,1,S4,isotonic,0.0467580881426756,0.0385059673698899
B,ShallowConvNet,1,S5,raw,0.096014907009563,0.1704217288586645
B,ShallowConvNet,1,S5,platt,0.038408373833878,0.00781299135309
B,ShallowConvNet,1,S5,isotonic,0.038755116053874,0.0086834267855615
B,ShallowConvNet,1,S6,raw,0.0428496059716081,0.050462226678123
B,ShallowConvNet,1,S6,platt,0.032168834120903,0.0214908099871056
B,ShallowConvNet,1,S6,isotonic,0.0322329179225067,0.0223881821913179
B,ShallowConvNet,1,S7,raw,0.0924489291781894,0.1080903991469753
B,ShallowConvNet,1,S7,platt,0.1544255243805287,0.163219834762097
B,ShallowConvNet,1,S7,isotonic,0.1508631987397599,0.1619872049172638
B,ShallowConvNet,1,S8,raw,0.0245753073046513,0.0968955707266427
B,ShallowConvNet,1,S8,platt,0.0080752852357149,0.0115450978439403
B,ShallowConvNet,1,S8,isotonic,0.0080415862891282,0.0060788494667351
B,ShallowConvNet,1,S9,raw,0.0279158798519204,0.1011226409076874
B,ShallowConvNet,1,S9,platt,0.005178474349843,0.016678474623151
B,ShallowConvNet,1,S9,isotonic,0.0050183978173336,0.0121656644020932
B,ShallowConvNet,1,S10,raw,0.0152920883492221,0.0621840109901489
B,ShallowConvNet,1,S10,platt,0.0066488583785391,0.0099828082880443
B,ShallowConvNet,1,S10,isotonic,0.0065622521685719,0.0076431939230449
B,ShallowConvNet,2,S1,raw,0.2579068931943561,0.4188865069825683
B,ShallowConvNet,2,S1,platt,0.0569576444221799,0.0412868892282209
B,ShallowConvNet,2,S1,isotonic,0.057475388508491,0.036775506657186
B,ShallowConvNet,2,S2,raw,0.1724031937498147,0.2898813003627129
B,ShallowConvNet,2,S2,platt,0.0427391288446921,0.0458930963598123
B,ShallowConvNet,2,S2,isotonic,0.0453036302776482,0.0434962118602224
B,ShallowConvNet,2,S3,raw,0.3343133116763068,0.4508598044893944
B,ShallowConvNet,2,S3,platt,0.0940423982668542,0.0887863916183919
B,ShallowConvNet,2,S3,isotonic,0.1054681387413943,0.0945016788070138
B,ShallowConvNet,2,S4,raw,0.0639910147813726,0.1298441659147952
B,ShallowConvNet,2,S4,platt,0.0461126357250302,0.0288208067183576
B,ShallowConvNet,2,S4,isotonic,0.0459645276092762,0.0317557796015513
B,ShallowConvNet,2,S5,raw,0.0905783804141296,0.1523583320195616
B,ShallowConvNet,2,S5,platt,0.0372287363250036,0.0149393224901694
B,ShallowConvNet,2,S5,isotonic,0.0379297915591626,0.0147276144618879
B,ShallowConvNet,2,S6,raw,0.0340818222220616,0.0239239115559257
B,ShallowConvNet,2,S6,platt,0.0370522566278978,0.0349301858363734
B,ShallowConvNet,2,S6,isotonic,0.0370626263485985,0.0342045911717484
B,ShallowConvNet,2,S7,raw,0.1015084310254592,0.1640245626483968
B,ShallowConvNet,2,S7,platt,0.111713949274558,0.1203740995255531
B,ShallowConvNet,2,S7,isotonic,0.1080238909626087,0.1180909816616911
B,ShallowConvNet,2,S8,raw,0.025280365036128,0.0802355113094475
B,ShallowConvNet,2,S8,platt,0.008143885739363,0.0068822734881283
B,ShallowConvNet,2,S8,isotonic,0.0081606145200815,0.006948227419737
B,ShallowConvNet,2,S9,raw,0.0112967143729408,0.0302637565513754
B,ShallowConvNet,2,S9,platt,0.0060324160588933,0.0021706207163307
B,ShallowConvNet,2,S9,isotonic,0.0059943978958029,0.0069232140205069
B,ShallowConvNet,2,S10,raw,0.0213968937128964,0.0827839355683423
B,ShallowConvNet,2,S10,platt,0.0060923689758118,0.0128706618764281
B,ShallowConvNet,2,S10,isotonic,0.006121394192663,0.012918993706321
B,ShallowConvNet,3,S1,raw,0.1648467825828658,0.2926630885119647
B,ShallowConvNet,3,S1,platt,0.0516339715434063,0.044344948277321
B,ShallowConvNet,3,S1,isotonic,0.0504951628970655,0.048734601909016
B,ShallowConvNet,3,S2,raw,0.469688229472659,0.5888428725015875
B,ShallowConvNet,3,S2,platt,0.2076426736009142,0.3111432383131041
B,ShallowConvNet,3,S2,isotonic,0.202536162757996,0.3122494243508431
B,ShallowConvNet,3,S3,raw,0.1749395551897313,0.1753010601736487
B,ShallowConvNet,3,S3,platt,0.1081254929035503,0.0738462576502797
B,ShallowConvNet,3,S3,isotonic,0.1087947419808733,0.0613660509360403
B,ShallowConvNet,3,S4,raw,0.0590145289681025,0.1176134807875871
B,ShallowConvNet,3,S4,platt,0.0483470135148333,0.0424595210282827
B,ShallowConvNet,3,S4,isotonic,0.0442593057273368,0.029998778555896
B,ShallowConvNet,3,S5,raw,0.0665882235054397,0.093082831588588
B,ShallowConvNet,3,S5,platt,0.0382167282100232,0.016083642659585
B,ShallowConvNet,3,S5,isotonic,0.0376293240971574,0.0112159935682963
B,ShallowConvNet,3,S6,raw,0.0447146322039073,0.0558746793214243
B,ShallowConvNet,3,S6,platt,0.0331135288895401,0.0112389904520099
B,ShallowConvNet,3,S6,isotonic,0.0323144101399945,0.0159326866323325
B,ShallowConvNet,3,S7,raw,0.1023726398393532,0.1245491330767054
B,ShallowConvNet,3,S7,platt,0.1664922022439712,0.1638388034193721
B,ShallowConvNet,3,S7,isotonic,0.1493114183047717,0.1503660558237992
B,ShallowConvNet,3,S8,raw,0.0094083604991091,0.010634289809669
B,ShallowConvNet,3,S8,platt,0.0078783591755123,0.0046834071851892
B,ShallowConvNet,3,S8,isotonic,0.0079525468591218,0.0028655882143098
B,ShallowConvNet,3,S9,raw,0.0208954295503651,0.062784801603106
B,ShallowConvNet,3,S9,platt,0.0056179431081955,0.0233879445001689
B,ShallowConvNet,3,S9,isotonic,0.0051851895473035,0.0133390384222622
B,ShallowConvNet,3,S10,raw,0.0088959098962154,0.0333017685384293
B,ShallowConvNet,3,S10,platt,0.0061848588897568,0.0177413374717441
B,ShallowConvNet,3,S10,isotonic,0.0055999838073561,0.0080791879762478
B,ShallowConvNet,4,S1,raw,0.0987826804435438,0.1711122562452557
B,ShallowConvNet,4,S1,platt,0.0428365272661268,0.0320225164397272
B,ShallowConvNet,4,S1,isotonic,0.0415693934267523,0.0258849030781478
B,ShallowConvNet,4,S2,raw,0.353743568790583,0.4892411640976206
B,ShallowConvNet,4,S2,platt,0.1142462082834859,0.1965743340572749
B,ShallowConvNet,4,S2,isotonic,0.1227152407760302,0.19824083011684
B,ShallowConvNet,4,S3,raw,0.198955288758678,0.244493621493025
B,ShallowConvNet,4,S3,platt,0.0948010041907683,0.0454598905578399
B,ShallowConvNet,4,S3,isotonic,0.0963080832319759,0.049345753893569
B,ShallowConvNet,4,S4,raw,0.042227793659802,0.0588065552418547
B,ShallowConvNet,4,S4,platt,0.0487776128498776,0.0329916296036931
B,ShallowConvNet,4,S4,isotonic,0.0478849850812294,0.0328531550926512
B,ShallowConvNet,4,S5,raw,0.0470742993714674,0.0319549531445039
B,ShallowConvNet,4,S5,platt,0.0423541703111698,0.0283805079827428
B,ShallowConvNet,4,S5,isotonic,0.0426309223659849,0.030676742789954
B,ShallowConvNet,4,S6,raw,0.2297709052907997,0.3869611656835436
B,ShallowConvNet,4,S6,platt,0.0363034765421049,0.0770527202719955
B,ShallowConvNet,4,S6,isotonic,0.037911529286236,0.0827624194839769
B,ShallowConvNet,4,S7,raw,0.0896263862090256,0.0708881531531768
B,ShallowConvNet,4,S7,platt,0.1453664623195418,0.1530685715464501
B,ShallowConvNet,4,S7,isotonic,0.1397940149697986,0.1493220787142429
B,ShallowConvNet,4,S8,raw,0.0093021701871817,0.0097683465523034
B,ShallowConvNet,4,S8,platt,0.0078913983530764,0.0002579446749036
B,ShallowConvNet,4,S8,isotonic,0.0078948503609769,0.0016111031537376
B,ShallowConvNet,4,S9,raw,0.0081115680260968,0.0200395945600957
B,ShallowConvNet,4,S9,platt,0.0052676241831219,0.0059795410754811
B,ShallowConvNet,4,S9,isotonic,0.0052610778645571,0.0042972416706761
B,ShallowConvNet,4,S10,raw,0.0227863128783671,0.0886446728261709
B,ShallowConvNet,4,S10,platt,0.0071426543784889,0.0221872825681922
B,ShallowConvNet,4,S10,isotonic,0.0070996038300934,0.0222458669363991
B,ShallowConvNet,42,S1,raw,0.1568249864205915,0.2622001343471282
B,ShallowConvNet,42,S1,platt,0.0563503233719536,0.0247328488347539
B,ShallowConvNet,42,S1,isotonic,0.0546082519061542,0.0276052922497482
B,ShallowConvNet,42,S2,raw,0.6858218312692889,0.7796422197228118
B,ShallowConvNet,42,S2,platt,0.2201920106451621,0.3389656706845841
B,ShallowConvNet,42,S2,isotonic,0.2232100829253702,0.3439202890257531
B,ShallowConvNet,42,S3,raw,0.5474424996531914,0.6394966618476325
B,ShallowConvNet,42,S3,platt,0.1113488100000144,0.0550126572813139
B,ShallowConvNet,42,S3,isotonic,0.1242040439670964,0.0400481491397904
B,ShallowConvNet,42,S4,raw,0.1071348855371429,0.2256503392167242
B,ShallowConvNet,42,S4,platt,0.0504005994309229,0.0360339466748138
B,ShallowConvNet,42,S4,isotonic,0.0481311807269806,0.03384307118226
B,ShallowConvNet,42,S5,raw,0.095229795648329,0.1772799741833765
B,ShallowConvNet,42,S5,platt,0.0408795054473004,0.0159056436763767
B,ShallowConvNet,42,S5,isotonic,0.0404185210030832,0.0227301286372574
B,ShallowConvNet,42,S6,raw,0.3156736622957133,0.4795451858949124
B,ShallowConvNet,42,S6,platt,0.032992101705148,0.0387830287840717
B,ShallowConvNet,42,S6,isotonic,0.0359364355065869,0.0498168295019163
B,ShallowConvNet,42,S7,raw,0.084504725411682,0.1065899291579772
B,ShallowConvNet,42,S7,platt,0.1981948688955524,0.202734848181049
B,ShallowConvNet,42,S7,isotonic,0.1876757853850728,0.199939108252225
B,ShallowConvNet,42,S8,raw,0.1148197985024977,0.2816501058611808
B,ShallowConvNet,42,S8,platt,0.0089367839974201,0.0302589991858254
B,ShallowConvNet,42,S8,isotonic,0.0086708886618034,0.0189297122435722
B,ShallowConvNet,42,S9,raw,0.0906132870050696,0.2134625189430681
B,ShallowConvNet,42,S9,platt,0.0060901529219318,0.0270349831558541
B,ShallowConvNet,42,S9,isotonic,0.0063104349727029,0.0181436358716754
B,ShallowConvNet,42,S10,raw,0.0481631874828295,0.1562330708076197
B,ShallowConvNet,42,S10,platt,0.0067333333335498,0.02373274264128
B,ShallowConvNet,42,S10,isotonic,0.0060333386360235,0.0116074364436462
