arm,model,seed,subject,rule,threshold,bal_acc,f1,precision,recall,degenerate
A,CNN,42,S1,fixed0.5,0.5,0.711911917697376,0.4545454545454545,0.425531914893617,0.4878048780487805,0
A,CNN,42,S1,sel-F1,0.6,0.6560946711362848,0.3972602739726027,0.453125,0.3536585365853658,0
A,CNN,42,S1,sel-BA,0.035,0.7613281701537394,0.2964352720450281,0.1751662971175166,0.9634146341463414,0
A,CNN,42,S2,fixed0.5,0.5,0.7359168917845225,0.2633228840125391,0.160919540229885,0.7241379310344828,0
A,CNN,42,S2,sel-F1,0.515,0.733632607659304,0.2671009771986971,0.1646586345381526,0.7068965517241379,0
A,CNN,42,S2,sel-BA,0.045,0.5829493087557603,0.1380952380952381,0.0741687979539642,1.0,0
A,CNN,42,S3,fixed0.5,0.5,0.7171183079973562,0.5519287833827893,0.5849056603773585,0.5224719101123596,0
A,CNN,42,S3,sel-F1,0.6,0.7153758336838311,0.5555555555555556,0.6164383561643836,0.5056179775280899,0
A,CNN,42,S3,sel-BA,0.045,0.7360301628312202,0.5134099616858238,0.3895348837209302,0.7528089887640449,0
A,CNN,42,S4,fixed0.5,0.5,0.7026287866333896,0.4794520547945205,0.5223880597014925,0.4430379746835443,0
A,CNN,42,S4,sel-F1,0.6,0.6843961562028305,0.4769230769230769,0.6078431372549019,0.3924050632911392,0
A,CNN,42,S4,sel-BA,0.035,0.7555781387772182,0.2938775510204082,0.1751824817518248,0.9113924050632912,0
A,CNN,42,S5,fixed0.5,0.5,0.6272324865280985,0.3333333333333333,0.4047619047619047,0.2833333333333333,0
A,CNN,42,S5,sel-F1,0.6,0.6246728252501924,0.3516483516483517,0.5161290322580645,0.2666666666666666,0
A,CNN,42,S5,sel-BA,0.045,0.8025019245573518,0.3739837398373983,0.2473118279569892,0.7666666666666667,0
A,CNN,42,S6,fixed0.5,0.5,0.5974429223744292,0.2650602409638554,0.3333333333333333,0.22,0
A,CNN,42,S6,sel-F1,0.6,0.5885844748858448,0.25,0.3333333333333333,0.2,0
A,CNN,42,S6,sel-BA,0.13,0.6243150684931507,0.2727272727272727,0.25,0.3,0
A,CNN,42,S7,fixed0.5,0.5,0.8595979089310143,0.7791164658634538,0.7461538461538462,0.8151260504201681,0
A,CNN,42,S7,sel-F1,0.6,0.852000683994528,0.7730061349693251,0.7529880478087649,0.7941176470588235,0
A,CNN,42,S7,sel-BA,0.035,0.8818338381864373,0.7811934900542495,0.6857142857142857,0.907563025210084,0
A,CNN,42,S8,fixed0.5,0.5,0.4989071038251366,0.0,0.0,0.0,0
A,CNN,42,S8,sel-F1,0.6,0.5,0.0,0.0,0.0,1
A,CNN,42,S8,sel-BA,0.13,0.4989071038251366,0.0,0.0,0.0,0
A,CNN,42,S9,fixed0.5,0.5,0.499457111834962,0.0,0.0,0.0,0
A,CNN,42,S9,sel-F1,0.6,0.5,0.0,0.0,0.0,1
A,CNN,42,S9,sel-BA,0.13,0.498371335504886,0.0,0.0,0.0,0
A,CNN,42,S10,fixed0.5,0.5,0.5,0.0,0.0,0.0,1
A,CNN,42,S10,sel-F1,0.6,0.5,0.0,0.0,0.0,1
A,CNN,42,S10,sel-BA,0.13,0.5544650430146614,0.1666666666666666,0.3333333333333333,0.1111111111111111,0
A,CNN,1,S1,fixed0.5,0.5,0.6289879782684082,0.3709677419354839,0.5476190476190477,0.2804878048780488,0
A,CNN,1,S1,sel-F1,0.37,0.6639694832967287,0.4166666666666667,0.4838709677419355,0.3658536585365853,0
A,CNN,1,S1,sel-BA,0.035,0.7829730666974917,0.3363636363636363,0.2067039106145251,0.902439024390244,0
A,CNN,1,S2,fixed0.5,0.5,0.6573375178770062,0.2717391304347826,0.1984126984126984,0.4310344827586206,0
A,CNN,1,S2,sel-F1,0.195,0.7192316860003178,0.2469879518072289,0.1496350364963503,0.7068965517241379,0
A,CNN,1,S2,sel-BA,0.035,0.6642300969331003,0.1689708141321044,0.0927487352445193,0.9482758620689656,0
A,CNN,1,S3,fixed0.5,0.5,0.7478970137595385,0.5721518987341773,0.5207373271889401,0.6348314606741573,0
A,CNN,1,S3,sel-F1,0.255,0.7584795409481464,0.5619469026548672,0.4635036496350365,0.7134831460674157,0
A,CNN,1,S3,sel-BA,0.06,0.7248167397704741,0.4865771812080537,0.34688995215311,0.8146067415730337,0
A,CNN,1,S4,fixed0.5,0.5,0.5993304738989434,0.3090909090909091,0.5483870967741935,0.2151898734177215,0
A,CNN,1,S4,sel-F1,0.4,0.6222856545065981,0.3559322033898305,0.5384615384615384,0.2658227848101265,0
A,CNN,1,S4,sel-BA,0.08,0.7036450316082077,0.4615384615384615,0.4675324675324675,0.4556962025316455,0
A,CNN,1,S5,fixed0.5,0.5,0.5876250962278675,0.282051282051282,0.6111111111111112,0.1833333333333333,0
A,CNN,1,S5,sel-F1,0.4,0.5948036951501154,0.2962962962962963,0.5714285714285714,0.2,0
A,CNN,1,S5,sel-BA,0.08,0.7061970746728252,0.4148148148148148,0.3733333333333333,0.4666666666666667,0
A,CNN,1,S6,fixed0.5,0.5,0.5397260273972603,0.136986301369863,0.217391304347826,0.1,0
A,CNN,1,S6,sel-F1,0.37,0.5468721461187215,0.1518987341772152,0.2068965517241379,0.12,0
A,CNN,1,S6,sel-BA,0.0699999999999999,0.5926027397260274,0.2181818181818181,0.2,0.24,0
A,CNN,1,S7,fixed0.5,0.5,0.8263936388508892,0.7323943661971831,0.7027027027027027,0.7647058823529411,0
A,CNN,1,S7,sel-F1,0.225,0.8473348641782295,0.73992673992674,0.6558441558441559,0.8487394957983193,0
A,CNN,1,S7,sel-BA,0.025,0.7691213113152238,0.6050870147255689,0.444007858546169,0.9495798319327732,0
A,CNN,1,S8,fixed0.5,0.5,0.4994535519125683,0.0,0.0,0.0,0
A,CNN,1,S8,sel-F1,0.255,0.4983606557377049,0.0,0.0,0.0,0
A,CNN,1,S8,sel-BA,0.06,0.4983606557377049,0.0,0.0,0.0,0
A,CNN,1,S9,fixed0.5,0.5,0.498371335504886,0.0,0.0,0.0,0
A,CNN,1,S9,sel-F1,0.37,0.498371335504886,0.0,0.0,0.0,0
A,CNN,1,S9,sel-BA,0.06,0.498371335504886,0.0,0.0,0.0,0
A,CNN,1,S10,fixed0.5,0.5,0.5,0.0,0.0,0.0,1
A,CNN,1,S10,sel-F1,0.37,0.5,0.0,0.0,0.0,1
A,CNN,1,S10,sel-BA,0.06,0.5,0.0,0.0,0.0,1
A,CNN,2,S1,fixed0.5,0.5,0.6388134319731823,0.3846153846153846,0.5208333333333334,0.3048780487804878,0
A,CNN,2,S1,sel-F1,0.7000000000000001,0.563518668362039,0.2222222222222222,0.6470588235294118,0.1341463414634146,0
A,CNN,2,S1,sel-BA,0.01,0.7845769275228298,0.3427230046948357,0.2122093023255813,0.8902439024390244,0
A,CNN,2,S2,fixed0.5,0.5,0.773796281582711,0.2684931506849315,0.1596091205211726,0.8448275862068966,0
A,CNN,2,S2,sel-F1,0.59,0.741677260448117,0.2718446601941747,0.1673306772908366,0.7241379310344828,0
A,CNN,2,S2,sel-BA,0.01,0.6774789448593675,0.1751592356687898,0.0964912280701754,0.9482758620689656,0
A,CNN,2,S3,fixed0.5,0.5,0.7476566724749144,0.5357873210633947,0.4212218649517685,0.7359550561797753,0
A,CNN,2,S3,sel-F1,0.48,0.7479270564201166,0.533066132264529,0.4143302180685358,0.7471910112359551,0
A,CNN,2,S3,sel-BA,0.01,0.6538559754851889,0.4094881398252185,0.2632423756019261,0.9213483146067416,0
A,CNN,2,S4,fixed0.5,0.5,0.7467681915322881,0.5212121212121212,0.5,0.5443037974683544,0
A,CNN,2,S4,sel-F1,0.6950000000000001,0.7249936484689073,0.5032258064516129,0.5131578947368421,0.4936708860759494,0
A,CNN,2,S4,sel-BA,0.01,0.8239579752813355,0.4070796460176991,0.2653846153846154,0.8734177215189873,0
A,CNN,2,S5,fixed0.5,0.5,0.5083333333333333,0.0327868852459016,1.0,0.0166666666666666,0
A,CNN,2,S5,sel-F1,0.6950000000000001,0.5083333333333333,0.0327868852459016,1.0,0.0166666666666666,0
A,CNN,2,S5,sel-BA,0.055,0.5643571978444958,0.2222222222222222,0.6666666666666666,0.1333333333333333,0
A,CNN,2,S6,fixed0.5,0.5,0.5848858447488584,0.2095238095238095,0.2,0.22,0
A,CNN,2,S6,sel-F1,0.6950000000000001,0.5588812785388128,0.1684210526315789,0.1777777777777777,0.16,0
A,CNN,2,S6,sel-BA,0.015,0.6640639269406393,0.2588235294117647,0.1833333333333333,0.44,0
A,CNN,2,S7,fixed0.5,0.5,0.8621873167871801,0.7764705882352941,0.7279411764705882,0.8319327731092437,0
A,CNN,2,S7,sel-F1,0.6950000000000001,0.8477990033222591,0.7679671457905544,0.751004016064257,0.7857142857142857,0
A,CNN,2,S7,sel-BA,0.01,0.7994063904631621,0.6387726638772664,0.4780793319415449,0.96218487394958,0
A,CNN,2,S8,fixed0.5,0.5,0.4989071038251366,0.0,0.0,0.0,0
A,CNN,2,S8,sel-F1,0.6950000000000001,0.4989071038251366,0.0,0.0,0.0,0
A,CNN,2,S8,sel-BA,0.01,0.6742672627918529,0.0884955752212389,0.0490196078431372,0.4545454545454545,0
A,CNN,2,S9,fixed0.5,0.5,0.498914223669924,0.0,0.0,0.0,0
A,CNN,2,S9,sel-F1,0.6950000000000001,0.499457111834962,0.0,0.0,0.0,0
A,CNN,2,S9,sel-BA,0.015,0.596199782844734,0.1538461538461538,0.125,0.2,0
A,CNN,2,S10,fixed0.5,0.5,0.5,0.0,0.0,0.0,1
A,CNN,2,S10,sel-F1,0.6950000000000001,0.5,0.0,0.0,0.0,1
A,CNN,2,S10,sel-BA,0.015,0.55282927420332,0.1333333333333333,0.1666666666666666,0.1111111111111111,0
A,CNN,3,S1,fixed0.5,0.5,0.706652410125997,0.4900662251655629,0.5362318840579711,0.4512195121951219,0
A,CNN,3,S1,sel-F1,0.45,0.7030979077563287,0.4713375796178344,0.4933333333333333,0.4512195121951219,0
A,CNN,3,S1,sel-BA,0.02,0.7625130042769621,0.2975517890772128,0.1759465478841871,0.9634146341463414,0
A,CNN,3,S2,fixed0.5,0.5,0.6676664547910377,0.2727272727272727,0.1928571428571428,0.4655172413793103,0
A,CNN,3,S2,sel-F1,0.26,0.69114492293024,0.2527881040892193,0.1611374407582938,0.5862068965517241,0
A,CNN,3,S2,sel-BA,0.02,0.7420745272525028,0.2256637168141592,0.1294416243654822,0.8793103448275862,0
A,CNN,3,S3,fixed0.5,0.5,0.723404734723307,0.5621301775147929,0.59375,0.5337078651685393,0
A,CNN,3,S3,sel-F1,0.29,0.7215496004326143,0.5326633165829145,0.4818181818181818,0.5955056179775281,0
A,CNN,3,S3,sel-BA,0.02,0.6943234392837829,0.4566666666666666,0.3246445497630332,0.7696629213483146,0
A,CNN,3,S4,fixed0.5,0.5,0.5902141586836639,0.2941176470588235,0.6521739130434783,0.189873417721519,0
A,CNN,3,S4,sel-F1,0.54,0.5838850447596132,0.2772277227722772,0.6363636363636364,0.1772151898734177,0
A,CNN,3,S4,sel-BA,0.025,0.8005469789129167,0.4789915966386555,0.3584905660377358,0.7215189873417721,0
A,CNN,3,S5,fixed0.5,0.5,0.5655119322555813,0.2285714285714285,0.8,0.1333333333333333,0
A,CNN,3,S5,sel-F1,0.49,0.5655119322555813,0.2285714285714285,0.8,0.1333333333333333,0
A,CNN,3,S5,sel-BA,0.05,0.5990954580446497,0.2921348314606741,0.4482758620689655,0.2166666666666666,0
A,CNN,3,S6,fixed0.5,0.5,0.5823059360730594,0.2197802197802197,0.2439024390243902,0.2,0
A,CNN,3,S6,sel-F1,0.445,0.5894520547945206,0.2268041237113402,0.2340425531914893,0.22,0
A,CNN,3,S6,sel-BA,0.02,0.6949771689497717,0.2272727272727272,0.1401869158878504,0.6,0
A,CNN,3,S7,fixed0.5,0.5,0.8371360171975768,0.7510204081632653,0.7301587301587301,0.773109243697479,0
A,CNN,3,S7,sel-F1,0.185,0.8706822845417237,0.7706422018348624,0.6840390879478827,0.8823529411764706,0
A,CNN,3,S7,sel-BA,0.015,0.6930635626343561,0.5302857142857142,0.3642072213500785,0.9747899159663864,0
A,CNN,3,S8,fixed0.5,0.5,0.5,0.0,0.0,0.0,1
A,CNN,3,S8,sel-F1,0.49,0.5,0.0,0.0,0.0,1
A,CNN,3,S8,sel-BA,0.02,0.4989071038251366,0.0,0.0,0.0,0
A,CNN,3,S9,fixed0.5,0.5,0.5,0.0,0.0,0.0,1
A,CNN,3,S9,sel-F1,0.49,0.5,0.0,0.0,0.0,1
A,CNN,3,S9,sel-BA,0.02,0.498371335504886,0.0,0.0,0.0,0
A,CNN,3,S10,fixed0.5,0.5,0.5,0.0,0.0,0.0,1
A,CNN,3,S10,sel-F1,0.49,0.5,0.0,0.0,0.0,1
A,CNN,3,S10,sel-BA,0.02,0.5550102992851085,0.1818181818181818,0.5,0.1111111111111111,0
A,CNN,4,S1,fixed0.5,0.5,0.5,0.0,0.0,0.0,1
A,CNN,4,S1,sel-F1,0.335,0.5,0.0,0.0,0.0,1
A,CNN,4,S1,sel-BA,0.015,0.5,0.1626984126984127,0.0885529157667386,1.0,0
A,CNN,4,S2,fixed0.5,0.5,0.6952566343556332,0.303030303030303,0.2142857142857142,0.5172413793103449,0
A,CNN,4,S2,sel-F1,0.335,0.7429087875417131,0.3127572016460905,0.2054054054054054,0.6551724137931034,0
A,CNN,4,S2,sel-BA,0.065,0.7466828221833783,0.2297297297297297,0.1321243523316062,0.8793103448275862,0
A,CNN,4,S3,fixed0.5,0.5,0.6595791023253019,0.4813278008298755,0.9206349206349206,0.3258426966292135,0
A,CNN,4,S3,sel-F1,0.13,0.5473247010755272,0.3443579766536965,0.208235294117647,0.99438202247191,0
A,CNN,4,S3,sel-BA,0.015,0.5,0.322463768115942,0.1922246220302375,1.0,0
A,CNN,4,S4,fixed0.5,0.5,0.5476813175317203,0.1739130434782608,0.6153846153846154,0.1012658227848101,0
A,CNN,4,S4,sel-F1,0.335,0.5516491563672231,0.1855670103092783,0.5,0.1139240506329113,0
A,CNN,4,S4,sel-BA,0.065,0.6525861940131215,0.3941605839416058,0.4655172413793103,0.3417721518987341,0
A,CNN,4,S5,fixed0.5,0.5,0.5643571978444958,0.2222222222222222,0.6666666666666666,0.1333333333333333,0
A,CNN,4,S5,sel-F1,0.335,0.5721131639722864,0.2432432432432432,0.6428571428571429,0.15,0
A,CNN,4,S5,sel-BA,0.065,0.6151847575057736,0.3260869565217391,0.46875,0.25,0
A,CNN,4,S6,fixed0.5,0.5,0.4977168949771689,0.0,0.0,0.0,0
A,CNN,4,S6,sel-F1,0.335,0.4960045662100457,0.0,0.0,0.0,0
A,CNN,4,S6,sel-BA,0.065,0.4914383561643836,0.0,0.0,0.0,0
A,CNN,4,S7,fixed0.5,0.5,0.8777787277701778,0.7992125984251969,0.7518518518518519,0.8529411764705882,0
A,CNN,4,S7,sel-F1,0.33,0.8879653605628298,0.8015122873345936,0.7285223367697594,0.8907563025210085,0
A,CNN,4,S7,sel-BA,0.01,0.8286349423490327,0.6786248131539612,0.5266821345707656,0.953781512605042,0
A,CNN,4,S8,fixed0.5,0.5,0.4989071038251366,0.0,0.0,0.0,0
A,CNN,4,S8,sel-F1,0.335,0.4972677595628415,0.0,0.0,0.0,0
A,CNN,4,S8,sel-BA,0.065,0.5761549925484352,0.1,0.0689655172413793,0.1818181818181818,0
A,CNN,4,S9,fixed0.5,0.5,0.498371335504886,0.0,0.0,0.0,0
A,CNN,4,S9,sel-F1,0.335,0.498371335504886,0.0,0.0,0.0,0
A,CNN,4,S9,sel-BA,0.065,0.497828447339848,0.0,0.0,0.0,0
A,CNN,4,S10,fixed0.5,0.5,0.5,0.0,0.0,0.0,1
A,CNN,4,S10,sel-F1,0.335,0.5,0.0,0.0,0.0,1
A,CNN,4,S10,sel-BA,0.065,0.5550102992851085,0.1818181818181818,0.5,0.1111111111111111,0
A,CNN-BiLSTM,42,S1,fixed0.5,0.5,0.7991561669171194,0.5,0.3866666666666666,0.7073170731707317,0
A,CNN-BiLSTM,42,S1,sel-F1,0.8400000000000001,0.7296844295457172,0.547945205479452,0.625,0.4878048780487805,0
A,CNN-BiLSTM,42,S1,sel-BA,0.32,0.817304357877702,0.4422442244224422,0.3031674208144796,0.8170731707317073,0
A,CNN-BiLSTM,42,S2,fixed0.5,0.5,0.7749483553154298,0.2699724517906336,0.160655737704918,0.8448275862068966,0
A,CNN-BiLSTM,42,S2,sel-F1,0.8400000000000001,0.7739750516446846,0.3619909502262443,0.2453987730061349,0.6896551724137931,0
A,CNN-BiLSTM,42,S2,sel-BA,0.315,0.7311298267916733,0.2165605095541401,0.1234866828087167,0.8793103448275862,0
A,CNN-BiLSTM,42,S3,fixed0.5,0.5,0.8507630835786817,0.6846846846846847,0.5714285714285714,0.8539325842696629,0
A,CNN-BiLSTM,42,S3,sel-F1,0.8400000000000001,0.8120756474193354,0.7261538461538461,0.8027210884353742,0.6629213483146067,0
A,CNN-BiLSTM,42,S3,sel-BA,0.32,0.8364777984738329,0.6191369606003753,0.4647887323943662,0.9269662921348316,0
A,CNN-BiLSTM,42,S4,fixed0.5,0.5,0.5281036569874314,0.1111111111111111,0.4545454545454545,0.0632911392405063,0
A,CNN-BiLSTM,42,S4,sel-F1,0.8400000000000001,0.5,0.0,0.0,0.0,1
A,CNN-BiLSTM,42,S4,sel-BA,0.31,0.5441394048988986,0.1632653061224489,0.4210526315789473,0.1012658227848101,0
A,CNN-BiLSTM,42,S5,fixed0.5,0.5,0.7736913010007698,0.4713375796178344,0.3814432989690721,0.6166666666666667,0
A,CNN-BiLSTM,42,S5,sel-F1,0.8400000000000001,0.7266551193225558,0.5043478260869565,0.5272727272727272,0.4833333333333333,0
A,CNN-BiLSTM,42,S5,sel-BA,0.41,0.7736913010007698,0.4713375796178344,0.3814432989690721,0.6166666666666667,0
A,CNN-BiLSTM,42,S6,fixed0.5,0.5,0.6837671232876712,0.2987012987012987,0.2211538461538461,0.46,0
A,CNN-BiLSTM,42,S6,sel-F1,0.8400000000000001,0.6420091324200913,0.379746835443038,0.5172413793103449,0.3,0
A,CNN-BiLSTM,42,S6,sel-BA,0.41,0.6857762557077626,0.2840236686390532,0.2016806722689075,0.48,0
A,CNN-BiLSTM,42,S7,fixed0.5,0.5,0.8881485733828416,0.7715736040609137,0.6458923512747875,0.957983193277311,0
A,CNN-BiLSTM,42,S7,sel-F1,0.8350000000000001,0.8795497850302911,0.8122448979591836,0.7896825396825397,0.8361344537815126,0
A,CNN-BiLSTM,42,S7,sel-BA,0.105,0.834937463357436,0.6845238095238095,0.5299539170506913,0.9663865546218487,0
A,CNN-BiLSTM,42,S8,fixed0.5,0.5,0.5843517138599106,0.16,0.1428571428571428,0.1818181818181818,0
A,CNN-BiLSTM,42,S8,sel-F1,0.8400000000000001,0.587083954297069,0.2,0.2222222222222222,0.1818181818181818,0
A,CNN-BiLSTM,42,S8,sel-BA,0.315,0.5810730253353205,0.1290322580645161,0.1,0.1818181818181818,0
A,CNN-BiLSTM,42,S9,fixed0.5,0.5,0.4891422366992399,0.0,0.0,0.0,0
A,CNN-BiLSTM,42,S9,sel-F1,0.8400000000000001,0.5,0.0,0.0,0.0,1
A,CNN-BiLSTM,42,S9,sel-BA,0.41,0.4869706840390879,0.0,0.0,0.0,0
A,CNN-BiLSTM,42,S10,fixed0.5,0.5,0.7189506845995395,0.4210526315789473,0.4,0.4444444444444444,0
A,CNN-BiLSTM,42,S10,sel-F1,0.8400000000000001,0.5,0.0,0.0,0.0,1
A,CNN-BiLSTM,42,S10,sel-BA,0.41,0.7184054283290924,0.4,0.3636363636363636,0.4444444444444444,0
A,CNN-BiLSTM,1,S1,fixed0.5,0.5,0.8012801988209455,0.4780876494023904,0.3550295857988165,0.7317073170731707,0
A,CNN-BiLSTM,1,S1,sel-F1,0.7050000000000001,0.7567188764304704,0.4851485148514851,0.4083333333333333,0.5975609756097561,0
A,CNN-BiLSTM,1,S1,sel-BA,0.165,0.7909201248410589,0.3564356435643564,0.2236024844720497,0.8780487804878049,0
A,CNN-BiLSTM,1,S2,fixed0.5,0.5,0.7627125377403464,0.2258064516129032,0.1278538812785388,0.9655172413793104,0
A,CNN-BiLSTM,1,S2,sel-F1,0.605,0.7725250278086764,0.2375809935205183,0.1358024691358024,0.9482758620689656,0
A,CNN-BiLSTM,1,S2,sel-BA,0.165,0.7033807405053234,0.1869782971619365,0.1035120147874306,0.9655172413793104,0
A,CNN-BiLSTM,1,S3,fixed0.5,0.5,0.8205401670371928,0.6375545851528385,0.5214285714285715,0.8202247191011236,0
A,CNN-BiLSTM,1,S3,sel-F1,0.6,0.8296280718620441,0.663594470046083,0.5625,0.8089887640449438,0
A,CNN-BiLSTM,1,S3,sel-BA,0.17,0.7832572252598691,0.5499124343257443,0.3994910941475827,0.8820224719101124,0
A,CNN-BiLSTM,1,S4,fixed0.5,0.5,0.7926785527475977,0.56353591160221,0.5,0.6455696202531646,0
A,CNN-BiLSTM,1,S4,sel-F1,0.73,0.6602603380509019,0.4354838709677419,0.6,0.3417721518987341,0
A,CNN-BiLSTM,1,S4,sel-BA,0.165,0.8548861955075995,0.5614035087719298,0.4295302013422818,0.810126582278481,0
A,CNN-BiLSTM,1,S5,fixed0.5,0.5,0.7636258660508083,0.4528301886792453,0.3636363636363636,0.6,0
A,CNN-BiLSTM,1,S5,sel-F1,0.73,0.7375481139337953,0.4881889763779528,0.4626865671641791,0.5166666666666667,0
A,CNN-BiLSTM,1,S5,sel-BA,0.165,0.8732871439568899,0.4814814814814814,0.3333333333333333,0.8666666666666667,0
A,CNN-BiLSTM,1,S6,fixed0.5,0.5,0.6326027397260274,0.2807017543859649,0.25,0.32,0
A,CNN-BiLSTM,1,S6,sel-F1,0.685,0.638310502283105,0.3076923076923077,0.2962962962962963,0.32,0
A,CNN-BiLSTM,1,S6,sel-BA,0.165,0.7128995433789954,0.3571428571428571,0.2777777777777778,0.5,0
A,CNN-BiLSTM,1,S7,fixed0.5,0.5,0.8765634160641,0.8032128514056225,0.7692307692307693,0.8403361344537815,0
A,CNN-BiLSTM,1,S7,sel-F1,0.86,0.7843524037521985,0.7076167076167076,0.8520710059171598,0.6050420168067226,0
A,CNN-BiLSTM,1,S7,sel-BA,0.165,0.8792566445182725,0.7673611111111112,0.6538461538461539,0.9285714285714286,0
A,CNN-BiLSTM,1,S8,fixed0.5,0.5,0.5865375062096374,0.1904761904761904,0.2,0.1818181818181818,0
A,CNN-BiLSTM,1,S8,sel-F1,0.7050000000000001,0.5881768504719325,0.2222222222222222,0.2857142857142857,0.1818181818181818,0
A,CNN-BiLSTM,1,S8,sel-BA,0.165,0.5805265772478887,0.125,0.0952380952380952,0.1818181818181818,0
A,CNN-BiLSTM,1,S9,fixed0.5,0.5,0.495114006514658,0.0,0.0,0.0,0
A,CNN-BiLSTM,1,S9,sel-F1,0.7050000000000001,0.49728555917481,0.0,0.0,0.0,0
A,CNN-BiLSTM,1,S9,sel-BA,0.165,0.4869706840390879,0.0,0.0,0.0,0
A,CNN-BiLSTM,1,S10,fixed0.5,0.5,0.5,0.0,0.0,0.0,1
A,CNN-BiLSTM,1,S10,sel-F1,0.7050000000000001,0.5,0.0,0.0,0.0,1
A,CNN-BiLSTM,1,S10,sel-BA,0.23,0.6083848297588755,0.25,0.2857142857142857,0.2222222222222222,0
A,CNN-BiLSTM,2,S1,fixed0.5,0.5,0.798390359496012,0.5135135135135135,0.4071428571428571,0.6951219512195121,0
A,CNN-BiLSTM,2,S1,sel-F1,0.42,0.8028840596462836,0.4978902953586498,0.3806451612903225,0.7195121951219512,0
A,CNN-BiLSTM,2,S1,sel-BA,0.09,0.8043723268986245,0.3837837837837838,0.2465277777777778,0.8658536585365854,0
A,CNN-BiLSTM,2,S2,fixed0.5,0.5,0.7979699666295884,0.2949852507374631,0.1779359430604982,0.8620689655172413,0
A,CNN-BiLSTM,2,S2,sel-F1,0.42,0.8048426823454633,0.2896935933147632,0.1727574750830564,0.896551724137931,0
A,CNN-BiLSTM,2,S2,sel-BA,0.09,0.7540719847449547,0.2191780821917808,0.1236203090507726,0.9655172413793104,0
A,CNN-BiLSTM,2,S3,fixed0.5,0.5,0.6502208135552485,0.4549019607843137,0.7532467532467533,0.3258426966292135,0
A,CNN-BiLSTM,2,S3,sel-F1,0.765,0.5308988764044944,0.1164021164021164,1.0,0.0617977528089887,0
A,CNN-BiLSTM,2,S3,sel-BA,0.15,0.7143018085681667,0.5612903225806452,0.6590909090909091,0.4887640449438202,0
A,CNN-BiLSTM,2,S4,fixed0.5,0.5,0.7350290675952356,0.5652173913043478,0.6610169491525424,0.4936708860759494,0
A,CNN-BiLSTM,2,S4,sel-F1,0.42,0.7435550640383781,0.5578231292517006,0.6029411764705882,0.5189873417721519,0
A,CNN-BiLSTM,2,S4,sel-BA,0.09,0.808385515520153,0.5258215962441315,0.417910447761194,0.7088607594936709,0
A,CNN-BiLSTM,2,S5,fixed0.5,0.5,0.7863933795227098,0.5481481481481482,0.4933333333333333,0.6166666666666667,0
A,CNN-BiLSTM,2,S5,sel-F1,0.43,0.7949769053117783,0.5165562913907285,0.4285714285714285,0.65,0
A,CNN-BiLSTM,2,S5,sel-BA,0.09,0.8435142417244034,0.3745583038869258,0.2376681614349775,0.8833333333333333,0
A,CNN-BiLSTM,2,S6,fixed0.5,0.5,0.6546118721461187,0.2900763358778626,0.2345679012345679,0.38,0
A,CNN-BiLSTM,2,S6,sel-F1,0.42,0.6606164383561643,0.2877697841726618,0.2247191011235955,0.4,0
A,CNN-BiLSTM,2,S6,sel-BA,0.09,0.687785388127854,0.2717391304347826,0.1865671641791045,0.5,0
A,CNN-BiLSTM,2,S7,fixed0.5,0.5,0.8686364080515927,0.8085106382978723,0.8189655172413793,0.7983193277310925,0
A,CNN-BiLSTM,2,S7,sel-F1,0.485,0.8721113445378151,0.8118393234672304,0.8170212765957446,0.8067226890756303,0
A,CNN-BiLSTM,2,S7,sel-BA,0.075,0.8947686632792653,0.7854671280276817,0.6676470588235294,0.953781512605042,0
A,CNN-BiLSTM,2,S8,fixed0.5,0.5,0.5767014406358668,0.1025641025641025,0.0714285714285714,0.1818181818181818,0
A,CNN-BiLSTM,2,S8,sel-F1,0.42,0.6194237456532539,0.1333333333333333,0.088235294117647,0.2727272727272727,0
A,CNN-BiLSTM,2,S8,sel-BA,0.09,0.7700943864878291,0.1320754716981132,0.0736842105263157,0.6363636363636364,0
A,CNN-BiLSTM,2,S9,fixed0.5,0.5,0.497828447339848,0.0,0.0,0.0,0
A,CNN-BiLSTM,2,S9,sel-F1,0.42,0.497828447339848,0.0,0.0,0.0,0
A,CNN-BiLSTM,2,S9,sel-BA,0.09,0.4913137893593919,0.0,0.0,0.0,0
A,CNN-BiLSTM,2,S10,fixed0.5,0.5,0.5555555555555556,0.2,1.0,0.1111111111111111,0
A,CNN-BiLSTM,2,S10,sel-F1,0.42,0.5550102992851085,0.1818181818181818,0.5,0.1111111111111111,0
A,CNN-BiLSTM,2,S10,sel-BA,0.09,0.7569974554707379,0.0774193548387096,0.0410958904109589,0.6666666666666666,0
A,CNN-BiLSTM,3,S1,fixed0.5,0.5,0.806265171656456,0.5272727272727272,0.4202898550724637,0.7073170731707317,0
A,CNN-BiLSTM,3,S1,sel-F1,0.5850000000000001,0.7858484568258005,0.5353535353535354,0.4568965517241379,0.6463414634146342,0
A,CNN-BiLSTM,3,S1,sel-BA,0.075,0.8218992024043463,0.4022038567493113,0.2597864768683274,0.8902439024390244,0
A,CNN-BiLSTM,3,S2,fixed0.5,0.5,0.7400087398696965,0.2954545454545454,0.1893203883495145,0.6724137931034483,0
A,CNN-BiLSTM,3,S2,sel-F1,0.56,0.7469211822660098,0.3095238095238095,0.2010309278350515,0.6724137931034483,0
A,CNN-BiLSTM,3,S2,sel-BA,0.075,0.5040322580645161,0.1187308085977482,0.0631120783460282,1.0,0
A,CNN-BiLSTM,3,S3,fixed0.5,0.5,0.8149146788439584,0.6465116279069767,0.5515873015873016,0.7808988764044944,0
A,CNN-BiLSTM,3,S3,sel-F1,0.5650000000000001,0.8149071681788138,0.6633663366336634,0.5929203539823009,0.7528089887640449,0
A,CNN-BiLSTM,3,S3,sel-BA,0.0699999999999999,0.5983822027278736,0.3714285714285714,0.2308743169398907,0.949438202247191,0
A,CNN-BiLSTM,3,S4,fixed0.5,0.5,0.7735268184059898,0.5157894736842106,0.4414414414414414,0.620253164556962,0
A,CNN-BiLSTM,3,S4,sel-F1,0.615,0.7438165976716034,0.5058823529411764,0.4725274725274725,0.5443037974683544,0
A,CNN-BiLSTM,3,S4,sel-BA,0.075,0.8486542226473182,0.5038167938931297,0.360655737704918,0.8354430379746836,0
A,CNN-BiLSTM,3,S5,fixed0.5,0.5,0.5721131639722864,0.2432432432432432,0.6428571428571429,0.15,0
A,CNN-BiLSTM,3,S5,sel-F1,0.5850000000000001,0.5649345650500385,0.2253521126760563,0.7272727272727273,0.1333333333333333,0
A,CNN-BiLSTM,3,S5,sel-BA,0.075,0.6102386451116243,0.2758620689655172,0.2857142857142857,0.2666666666666666,0
A,CNN-BiLSTM,3,S6,fixed0.5,0.5,0.6891780821917808,0.3492063492063492,0.2894736842105263,0.44,0
A,CNN-BiLSTM,3,S6,sel-F1,0.56,0.696027397260274,0.3859649122807017,0.34375,0.44,0
A,CNN-BiLSTM,3,S6,sel-BA,0.075,0.710365296803653,0.28,0.1866666666666666,0.56,0
A,CNN-BiLSTM,3,S7,fixed0.5,0.5,0.5614923294899355,0.2262773722627737,0.8611111111111112,0.1302521008403361,0
A,CNN-BiLSTM,3,S7,sel-F1,0.7000000000000001,0.5503407758452218,0.18796992481203,0.8928571428571429,0.1050420168067226,0
A,CNN-BiLSTM,3,S7,sel-BA,0.155,0.6049748387727184,0.3669724770642202,0.6741573033707865,0.2521008403361344,0
A,CNN-BiLSTM,3,S8,fixed0.5,0.5,0.5898161947342275,0.2666666666666666,0.5,0.1818181818181818,0
A,CNN-BiLSTM,3,S8,sel-F1,0.56,0.5898161947342275,0.2666666666666666,0.5,0.1818181818181818,0
A,CNN-BiLSTM,3,S8,sel-BA,0.08,0.6999503229011426,0.1515151515151515,0.0909090909090909,0.4545454545454545,0
A,CNN-BiLSTM,3,S9,fixed0.5,0.5,0.498371335504886,0.0,0.0,0.0,0
A,CNN-BiLSTM,3,S9,sel-F1,0.56,0.498371335504886,0.0,0.0,0.0,0
A,CNN-BiLSTM,3,S9,sel-BA,0.08,0.5668838219326818,0.0298507462686567,0.0161290322580645,0.2,0
A,CNN-BiLSTM,3,S10,fixed0.5,0.5,0.4983642311886587,0.0,0.0,0.0,0
A,CNN-BiLSTM,3,S10,sel-F1,0.615,0.4989094874591058,0.0,0.0,0.0,0
A,CNN-BiLSTM,3,S10,sel-BA,0.08,0.801708469647401,0.1643835616438356,0.09375,0.6666666666666666,0
A,CNN-BiLSTM,4,S1,fixed0.5,0.5,0.7890417292798519,0.3756906077348066,0.2428571428571428,0.8292682926829268,0
A,CNN-BiLSTM,4,S1,sel-F1,0.6900000000000001,0.8127095133510577,0.5020576131687243,0.3788819875776397,0.7439024390243902,0
A,CNN-BiLSTM,4,S1,sel-BA,0.33,0.7547104380996417,0.3006012024048096,0.1798561151079136,0.9146341463414634,0
A,CNN-BiLSTM,4,S2,fixed0.5,0.5,0.8030748450659463,0.2741116751269035,0.1607142857142857,0.9310344827586208,0
A,CNN-BiLSTM,4,S2,sel-F1,0.6900000000000001,0.8440529159383441,0.3861003861003861,0.2487562189054726,0.8620689655172413,0
A,CNN-BiLSTM,4,S2,sel-BA,0.34,0.7408430001589068,0.2123552123552123,0.1195652173913043,0.9482758620689656,0
A,CNN-BiLSTM,4,S3,fixed0.5,0.5,0.8247912035089828,0.7150837988826816,0.7111111111111111,0.7191011235955056,0
A,CNN-BiLSTM,4,S3,sel-F1,0.6900000000000001,0.8073965030343087,0.7108433734939759,0.7662337662337663,0.6629213483146067,0
A,CNN-BiLSTM,4,S3,sel-BA,0.34,0.8219897254100823,0.6892950391644909,0.6439024390243903,0.7415730337078652,0
A,CNN-BiLSTM,4,S4,fixed0.5,0.5,0.768542734595669,0.5371428571428571,0.4895833333333333,0.5949367088607594,0
A,CNN-BiLSTM,4,S4,sel-F1,0.7050000000000001,0.7073513368104852,0.5072463768115942,0.5932203389830508,0.4430379746835443,0
A,CNN-BiLSTM,4,S4,sel-BA,0.395,0.8022207941655582,0.54,0.4462809917355372,0.6835443037974683,0
A,CNN-BiLSTM,4,S5,fixed0.5,0.5,0.7274826789838338,0.4651162790697674,0.4347826086956521,0.5,0
A,CNN-BiLSTM,4,S5,sel-F1,0.7050000000000001,0.6677444187836797,0.4036697247706422,0.4489795918367347,0.3666666666666666,0
A,CNN-BiLSTM,4,S5,sel-BA,0.415,0.7484411085450347,0.4748201438848921,0.4177215189873418,0.55,0
A,CNN-BiLSTM,4,S6,fixed0.5,0.5,0.6294520547945205,0.297029702970297,0.2941176470588235,0.3,0
A,CNN-BiLSTM,4,S6,sel-F1,0.6900000000000001,0.6257305936073059,0.3146067415730337,0.358974358974359,0.28,0
A,CNN-BiLSTM,4,S6,sel-BA,0.38,0.6465981735159817,0.3148148148148148,0.293103448275862,0.34,0
A,CNN-BiLSTM,4,S7,fixed0.5,0.5,0.8951534102012899,0.8145315487571702,0.7473684210526316,0.8949579831932774,0
A,CNN-BiLSTM,4,S7,sel-F1,0.775,0.8081883916357241,0.7434052757793765,0.8659217877094972,0.6512605042016807,0
A,CNN-BiLSTM,4,S7,sel-BA,0.34,0.8859561266367011,0.7835420393559929,0.6822429906542056,0.9201680672268908,0
A,CNN-BiLSTM,4,S8,fixed0.5,0.5,0.5788872329855936,0.1142857142857142,0.0833333333333333,0.1818181818181818,0
A,CNN-BiLSTM,4,S8,sel-F1,0.6900000000000001,0.5832588176850472,0.1481481481481481,0.125,0.1818181818181818,0
A,CNN-BiLSTM,4,S8,sel-BA,0.345,0.5772478887232986,0.1052631578947368,0.074074074074074,0.1818181818181818,0
A,CNN-BiLSTM,4,S9,fixed0.5,0.5,0.4923995656894679,0.0,0.0,0.0,0
A,CNN-BiLSTM,4,S9,sel-F1,0.6900000000000001,0.49728555917481,0.0,0.0,0.0,0
A,CNN-BiLSTM,4,S9,sel-BA,0.345,0.4831704668838219,0.0,0.0,0.0,0
A,CNN-BiLSTM,4,S10,fixed0.5,0.5,0.7129528656246213,0.2666666666666666,0.1904761904761904,0.4444444444444444,0
A,CNN-BiLSTM,4,S10,sel-F1,0.6900000000000001,0.7194959408699866,0.4444444444444444,0.4444444444444444,0.4444444444444444,0
A,CNN-BiLSTM,4,S10,sel-BA,0.345,0.8164303889494728,0.2608695652173913,0.1621621621621621,0.6666666666666666,0
A,EEGNet,42,S1,fixed0.5,0.5,0.847864408738874,0.5036496350364964,0.359375,0.8414634146341463,0
A,EEGNet,42,S1,sel-F1,0.66,0.8509709860131777,0.6268656716417911,0.5294117647058824,0.7682926829268293,0
A,EEGNet,42,S1,sel-BA,0.41,0.8351057681192926,0.4204545454545454,0.2740740740740741,0.902439024390244,0
A,EEGNet,42,S2,fixed0.5,0.5,0.6480613379945972,0.160337552742616,0.0872894333843797,0.9827586206896552,0
A,EEGNet,42,S2,sel-F1,0.595,0.7022088034323852,0.1847649918962723,0.1019677996422182,0.9827586206896552,0
A,EEGNet,42,S2,sel-BA,0.41,0.5956419831558875,0.14214463840399,0.0766129032258064,0.9827586206896552,0
A,EEGNet,42,S3,fixed0.5,0.5,0.8080724628973142,0.6890756302521008,0.6871508379888268,0.6910112359550562,0
A,EEGNet,42,S3,sel-F1,0.715,0.7526813074565883,0.6505190311418685,0.8468468468468469,0.5280898876404494,0
A,EEGNet,42,S3,sel-BA,0.41,0.8224028119930301,0.660377358490566,0.5691056910569106,0.7865168539325843,0
A,EEGNet,42,S4,fixed0.5,0.5,0.8102237233422503,0.6380368098159509,0.6190476190476191,0.6582278481012658,0
A,EEGNet,42,S4,sel-F1,0.715,0.693086545215429,0.5039370078740157,0.6666666666666666,0.4050632911392405,0
A,EEGNet,42,S4,sel-BA,0.41,0.8468533767728244,0.644808743169399,0.5673076923076923,0.7468354430379747,0
A,EEGNet,42,S5,fixed0.5,0.5,0.8495188606620477,0.5222222222222223,0.3916666666666666,0.7833333333333333,0
A,EEGNet,42,S5,sel-F1,0.66,0.774345650500385,0.56,0.5384615384615384,0.5833333333333334,0
A,EEGNet,42,S5,sel-BA,0.41,0.8712278675904541,0.451063829787234,0.3028571428571429,0.8833333333333333,0
A,EEGNet,42,S6,fixed0.5,0.5,0.6257305936073059,0.3146067415730337,0.358974358974359,0.28,0
A,EEGNet,42,S6,sel-F1,0.66,0.6014383561643836,0.2894736842105263,0.4230769230769231,0.22,0
A,EEGNet,42,S6,sel-BA,0.435,0.6788812785388127,0.3738317757009345,0.3508771929824561,0.4,0
A,EEGNet,42,S7,fixed0.5,0.5,0.8926433945671292,0.8205128205128205,0.7732342007434945,0.8739495798319328,0
A,EEGNet,42,S7,sel-F1,0.655,0.8553840140707446,0.7939262472885033,0.820627802690583,0.7689075630252101,0
A,EEGNet,42,S7,sel-BA,0.435,0.9014559312096933,0.8212927756653993,0.75,0.907563025210084,0
A,EEGNet,42,S8,fixed0.5,0.5,0.4989071038251366,0.0,0.0,0.0,0
A,EEGNet,42,S8,sel-F1,0.66,0.4989071038251366,0.0,0.0,0.0,0
A,EEGNet,42,S8,sel-BA,0.41,0.4989071038251366,0.0,0.0,0.0,0
A,EEGNet,42,S9,fixed0.5,0.5,0.498371335504886,0.0,0.0,0.0,0
A,EEGNet,42,S9,sel-F1,0.66,0.499457111834962,0.0,0.0,0.0,0
A,EEGNet,42,S9,sel-BA,0.41,0.495656894679696,0.0,0.0,0.0,0
A,EEGNet,42,S10,fixed0.5,0.5,0.5,0.0,0.0,0.0,1
A,EEGNet,42,S10,sel-F1,0.66,0.5,0.0,0.0,0.0,1
A,EEGNet,42,S10,sel-BA,0.41,0.6094753422997699,0.2857142857142857,0.4,0.2222222222222222,0
A,EEGNet,1,S1,fixed0.5,0.5,0.8652178938851,0.546875,0.4022988505747126,0.8536585365853658,0
A,EEGNet,1,S1,sel-F1,0.6900000000000001,0.8275921858744654,0.6304347826086957,0.5686274509803921,0.7073170731707317,0
A,EEGNet,1,S1,sel-BA,0.41,0.8400907409548029,0.4485981308411215,0.301255230125523,0.8780487804878049,0
A,EEGNet,1,S2,fixed0.5,0.5,0.772028444303194,0.255,0.1491228070175438,0.8793103448275862,0
A,EEGNet,1,S2,sel-F1,0.665,0.780212140473542,0.3103448275862069,0.1939655172413793,0.7758620689655172,0
A,EEGNet,1,S2,sel-BA,0.455,0.7736969648816145,0.2426966292134831,0.1395348837209302,0.9310344827586208,0
A,EEGNet,1,S3,fixed0.5,0.5,0.7772486931442648,0.5346534653465347,0.3785046728971962,0.9101123595505618,0
A,EEGNet,1,S3,sel-F1,0.67,0.8237472210538965,0.6473214285714286,0.5370370370370371,0.8146067415730337,0
A,EEGNet,1,S3,sel-BA,0.375,0.7228489455026137,0.4663923182441701,0.308529945553539,0.9550561797752808,0
A,EEGNet,1,S4,fixed0.5,0.5,0.7292902724433219,0.5588235294117647,0.6666666666666666,0.4810126582278481,0
A,EEGNet,1,S4,sel-F1,0.76,0.586246319848161,0.2886597938144329,0.7777777777777778,0.1772151898734177,0
A,EEGNet,1,S4,sel-BA,0.455,0.7453260203547891,0.5694444444444444,0.6307692307692307,0.5189873417721519,0
A,EEGNet,1,S5,fixed0.5,0.5,0.785161662817552,0.4642857142857143,0.3611111111111111,0.65,0
A,EEGNet,1,S5,sel-F1,0.735,0.6855658198614318,0.4403669724770642,0.4897959183673469,0.4,0
A,EEGNet,1,S5,sel-BA,0.455,0.8121439568899154,0.4699453551912568,0.3495934959349593,0.7166666666666667,0
A,EEGNet,1,S6,fixed0.5,0.5,0.6323059360730594,0.3125,0.3260869565217391,0.3,0
A,EEGNet,1,S6,sel-F1,0.735,0.5908675799086758,0.2631578947368421,0.3846153846153846,0.2,0
A,EEGNet,1,S6,sel-BA,0.455,0.6494520547945205,0.3300970873786408,0.320754716981132,0.34,0
A,EEGNet,1,S7,fixed0.5,0.5,0.9033185948798124,0.8163265306122449,0.7308970099667774,0.9243697478991596,0
A,EEGNet,1,S7,sel-F1,0.6900000000000001,0.8754274965800273,0.8099173553719008,0.7967479674796748,0.8235294117647058,0
A,EEGNet,1,S7,sel-BA,0.41,0.8899990228649599,0.7838312829525483,0.6737160120845922,0.9369747899159664,0
A,EEGNet,1,S8,fixed0.5,0.5,0.4989071038251366,0.0,0.0,0.0,0
A,EEGNet,1,S8,sel-F1,0.735,0.5,0.0,0.0,0.0,1
A,EEGNet,1,S8,sel-BA,0.455,0.4989071038251366,0.0,0.0,0.0,0
A,EEGNet,1,S9,fixed0.5,0.5,0.498914223669924,0.0,0.0,0.0,0
A,EEGNet,1,S9,sel-F1,0.735,0.5,0.0,0.0,0.0,1
A,EEGNet,1,S9,sel-BA,0.455,0.496742671009772,0.0,0.0,0.0,0
A,EEGNet,1,S10,fixed0.5,0.5,0.5,0.0,0.0,0.0,1
A,EEGNet,1,S10,sel-F1,0.735,0.5,0.0,0.0,0.0,1
A,EEGNet,1,S10,sel-BA,0.455,0.5,0.0,0.0,0.0,1
A,EEGNet,2,S1,fixed0.5,0.5,0.8354958964281587,0.5057471264367817,0.3687150837988827,0.8048780487804879,0
A,EEGNet,2,S1,sel-F1,0.765,0.7633077100913189,0.5859872611464968,0.6133333333333333,0.5609756097560976,0
A,EEGNet,2,S1,sel-BA,0.355,0.7917581782452896,0.3684210526315789,0.2348993288590604,0.8536585365853658,0
A,EEGNet,2,S2,fixed0.5,0.5,0.7950699189575718,0.2833333333333333,0.1688741721854304,0.8793103448275862,0
A,EEGNet,2,S2,sel-F1,0.7000000000000001,0.7773716828221834,0.3269961977186312,0.2097560975609756,0.7413793103448276,0
A,EEGNet,2,S2,sel-BA,0.355,0.7736771015413952,0.2386117136659436,0.1364764267990074,0.9482758620689656,0
A,EEGNet,2,S3,fixed0.5,0.5,0.744367001141621,0.4911242603550296,0.3333333333333333,0.9325842696629212,0
A,EEGNet,2,S3,sel-F1,0.63,0.7955596947665685,0.5648312611012434,0.412987012987013,0.8932584269662921,0
A,EEGNet,2,S3,sel-BA,0.26,0.622859460433816,0.3868852459016393,0.2401628222523744,0.99438202247191,0
A,EEGNet,2,S4,fixed0.5,0.5,0.7734296773422205,0.5935483870967742,0.6052631578947368,0.5822784810126582,0
A,EEGNet,2,S4,sel-F1,0.77,0.6454052276837087,0.4210526315789473,0.6857142857142857,0.3037974683544304,0
A,EEGNet,2,S4,sel-BA,0.465,0.8038946094181998,0.6296296296296297,0.6144578313253012,0.6455696202531646,0
A,EEGNet,2,S5,fixed0.5,0.5,0.774345650500385,0.56,0.5384615384615384,0.5833333333333334,0
A,EEGNet,2,S5,sel-F1,0.765,0.5942263279445728,0.2926829268292683,0.5454545454545454,0.2,0
A,EEGNet,2,S5,sel-BA,0.465,0.772036181678214,0.5426356589147286,0.5072463768115942,0.5833333333333334,0
A,EEGNet,2,S6,fixed0.5,0.5,0.5988812785388128,0.2424242424242424,0.2448979591836734,0.24,0
A,EEGNet,2,S6,sel-F1,0.77,0.5314383561643836,0.1159420289855072,0.2105263157894736,0.08,0
A,EEGNet,2,S6,sel-BA,0.465,0.6054566210045662,0.2452830188679245,0.2321428571428571,0.26,0
A,EEGNet,2,S7,fixed0.5,0.5,0.9091325483681844,0.8286252354048964,0.7508532423208191,0.9243697478991596,0
A,EEGNet,2,S7,sel-F1,0.77,0.8728380887238616,0.8135593220338984,0.8205128205128205,0.8067226890756303,0
A,EEGNet,2,S7,sel-BA,0.26,0.8456798417041236,0.6977443609022557,0.5433255269320844,0.9747899159663864,0
A,EEGNet,2,S8,fixed0.5,0.5,0.5876304023845007,0.2105263157894736,0.25,0.1818181818181818,0
A,EEGNet,2,S8,sel-F1,0.765,0.4983606557377049,0.0,0.0,0.0,0
A,EEGNet,2,S8,sel-BA,0.465,0.5876304023845007,0.2105263157894736,0.25,0.1818181818181818,0
A,EEGNet,2,S9,fixed0.5,0.5,0.499457111834962,0.0,0.0,0.0,0
A,EEGNet,2,S9,sel-F1,0.765,0.5,0.0,0.0,0.0,1
A,EEGNet,2,S9,sel-BA,0.465,0.499457111834962,0.0,0.0,0.0,0
A,EEGNet,2,S10,fixed0.5,0.5,0.6105658548406641,0.3333333333333333,0.6666666666666666,0.2222222222222222,0
A,EEGNet,2,S10,sel-F1,0.765,0.5,0.0,0.0,0.0,1
A,EEGNet,2,S10,sel-BA,0.465,0.6105658548406641,0.3333333333333333,0.6666666666666666,0.2222222222222222,0
A,EEGNet,3,S1,fixed0.5,0.5,0.8439631256502138,0.5193798449612403,0.3806818181818182,0.8170731707317073,0
A,EEGNet,3,S1,sel-F1,0.66,0.8210755981967403,0.5948717948717949,0.5132743362831859,0.7073170731707317,0
A,EEGNet,3,S1,sel-BA,0.455,0.826783030863484,0.4668989547038327,0.3268292682926829,0.8170731707317073,0
A,EEGNet,3,S2,fixed0.5,0.5,0.7644406483394248,0.2271805273833671,0.128735632183908,0.9655172413793104,0
A,EEGNet,3,S2,sel-F1,0.66,0.7898657238201177,0.2701298701298701,0.1590214067278287,0.896551724137931,0
A,EEGNet,3,S2,sel-BA,0.425,0.7212378833624662,0.1971830985915492,0.1098039215686274,0.9655172413793104,0
A,EEGNet,3,S3,fixed0.5,0.5,0.8339091509944121,0.6666666666666666,0.5615384615384615,0.8202247191011236,0
A,EEGNet,3,S3,sel-F1,0.66,0.8172955596947666,0.7218934911242604,0.7625,0.6853932584269663,0
A,EEGNet,3,S3,sel-BA,0.35,0.7511866850928318,0.4977645305514158,0.3387423935091277,0.9382022471910112,0
A,EEGNet,3,S4,fixed0.5,0.5,0.7906460627979615,0.6086956521739131,0.5975609756097561,0.620253164556962,0
A,EEGNet,3,S4,sel-F1,0.715,0.675279840987551,0.4754098360655737,0.6744186046511628,0.3670886075949367,0
A,EEGNet,3,S4,sel-BA,0.455,0.8124206058613423,0.6198830409356725,0.5760869565217391,0.6708860759493671,0
A,EEGNet,3,S5,fixed0.5,0.5,0.7547921478060047,0.515625,0.4852941176470588,0.55,0
A,EEGNet,3,S5,sel-F1,0.665,0.6752501924557351,0.4583333333333333,0.6111111111111112,0.3666666666666666,0
A,EEGNet,3,S5,sel-BA,0.44,0.7495958429561201,0.4817518248175182,0.4285714285714285,0.55,0
A,EEGNet,3,S6,fixed0.5,0.5,0.6605936073059361,0.3529411764705882,0.3461538461538461,0.36,0
A,EEGNet,3,S6,sel-F1,0.675,0.6014383561643836,0.2894736842105263,0.4230769230769231,0.22,0
A,EEGNet,3,S6,sel-BA,0.425,0.6708904109589041,0.3305785123966942,0.2816901408450704,0.4,0
A,EEGNet,3,S7,fixed0.5,0.5,0.890078415086965,0.7858407079646018,0.6788990825688074,0.9327731092436976,0
A,EEGNet,3,S7,sel-F1,0.67,0.883672073480555,0.8145161290322581,0.7829457364341085,0.8487394957983193,0
A,EEGNet,3,S7,sel-BA,0.335,0.7919007719366816,0.6278755074424899,0.4630738522954092,0.9747899159663864,0
A,EEGNet,3,S8,fixed0.5,0.5,0.5432687531048187,0.125,0.2,0.0909090909090909,0
A,EEGNet,3,S8,sel-F1,0.665,0.4989071038251366,0.0,0.0,0.0,0
A,EEGNet,3,S8,sel-BA,0.44,0.5881768504719325,0.2222222222222222,0.2857142857142857,0.1818181818181818,0
A,EEGNet,3,S9,fixed0.5,0.5,0.498371335504886,0.0,0.0,0.0,0
A,EEGNet,3,S9,sel-F1,0.665,0.499457111834962,0.0,0.0,0.0,0
A,EEGNet,3,S9,sel-BA,0.44,0.495114006514658,0.0,0.0,0.0,0
A,EEGNet,3,S10,fixed0.5,0.5,0.6089300860293226,0.2666666666666666,0.3333333333333333,0.2222222222222222,0
A,EEGNet,3,S10,sel-F1,0.665,0.4994547437295529,0.0,0.0,0.0,0
A,EEGNet,3,S10,sel-BA,0.44,0.6639403853144311,0.3529411764705882,0.375,0.3333333333333333,0
A,EEGNet,4,S1,fixed0.5,0.5,0.8526759912148885,0.5689655172413793,0.44,0.8048780487804879,0
A,EEGNet,4,S1,sel-F1,0.675,0.7957461565136978,0.611764705882353,0.5909090909090909,0.6341463414634146,0
A,EEGNet,4,S1,sel-BA,0.37,0.8433996069818519,0.4378698224852071,0.2890625,0.902439024390244,0
A,EEGNet,4,S2,fixed0.5,0.5,0.7517678372795169,0.2174757281553398,0.1225382932166301,0.9655172413793104,0
A,EEGNet,4,S2,sel-F1,0.5850000000000001,0.7685523597648181,0.2464454976303317,0.1428571428571428,0.896551724137931,0
A,EEGNet,4,S2,sel-BA,0.37,0.6405927220721437,0.1581920903954802,0.0861538461538461,0.9655172413793104,0
A,EEGNet,4,S3,fixed0.5,0.5,0.8450174247431352,0.6652267818574514,0.5403508771929825,0.8651685393258427,0
A,EEGNet,4,S3,sel-F1,0.61,0.8233266238058042,0.6929133858267716,0.6502463054187192,0.7415730337078652,0
A,EEGNet,4,S3,sel-BA,0.37,0.747844439103527,0.4940828402366864,0.3353413654618474,0.9382022471910112,0
A,EEGNet,4,S4,fixed0.5,0.5,0.6982350215952058,0.5076923076923077,0.6470588235294118,0.4177215189873418,0
A,EEGNet,4,S4,sel-F1,0.7000000000000001,0.6097918192279528,0.3461538461538461,0.72,0.2278481012658227,0
A,EEGNet,4,S4,sel-BA,0.37,0.801533334329652,0.6144578313253012,0.5862068965517241,0.6455696202531646,0
A,EEGNet,4,S5,fixed0.5,0.5,0.7315242494226328,0.4918032786885246,0.4838709677419355,0.5,0
A,EEGNet,4,S5,sel-F1,0.7000000000000001,0.6353156274056967,0.3863636363636363,0.6071428571428571,0.2833333333333333,0
A,EEGNet,4,S5,sel-BA,0.37,0.8231139337952271,0.524390243902439,0.4134615384615384,0.7166666666666667,0
A,EEGNet,4,S6,fixed0.5,0.5,0.6340182648401826,0.3225806451612903,0.3488372093023256,0.3,0
A,EEGNet,4,S6,sel-F1,0.7000000000000001,0.5814383561643836,0.2432432432432432,0.375,0.18,0
A,EEGNet,4,S6,sel-BA,0.375,0.636027397260274,0.2962962962962963,0.2758620689655172,0.32,0
A,EEGNet,4,S7,fixed0.5,0.5,0.8833545045925347,0.8046875,0.7518248175182481,0.865546218487395,0
A,EEGNet,4,S7,sel-F1,0.61,0.8725999120578464,0.8057851239669421,0.7926829268292683,0.819327731092437,0
A,EEGNet,4,S7,sel-BA,0.37,0.9035689857338284,0.8042704626334519,0.6975308641975309,0.9495798319327732,0
A,EEGNet,4,S8,fixed0.5,0.5,0.585444610034774,0.1739130434782608,0.1666666666666666,0.1818181818181818,0
A,EEGNet,4,S8,sel-F1,0.685,0.4983606557377049,0.0,0.0,0.0,0
A,EEGNet,4,S8,sel-BA,0.37,0.6194237456532539,0.1333333333333333,0.088235294117647,0.2727272727272727,0
A,EEGNet,4,S9,fixed0.5,0.5,0.498914223669924,0.0,0.0,0.0,0
A,EEGNet,4,S9,sel-F1,0.61,0.499457111834962,0.0,0.0,0.0,0
A,EEGNet,4,S9,sel-BA,0.37,0.498914223669924,0.0,0.0,0.0,0
A,EEGNet,4,S10,fixed0.5,0.5,0.7189506845995395,0.4210526315789473,0.4,0.4444444444444444,0
A,EEGNet,4,S10,sel-F1,0.685,0.6105658548406641,0.3333333333333333,0.6666666666666666,0.2222222222222222,0
A,EEGNet,4,S10,sel-BA,0.37,0.7701441899915182,0.3571428571428571,0.2631578947368421,0.5555555555555556,0
