arm,model,seed,subject,t_f1,t_ba
A,CNN,42,S1,0.6,0.035
A,CNN,42,S2,0.515,0.045
A,CNN,42,S3,0.6,0.045
A,CNN,42,S4,0.6,0.035
A,CNN,42,S5,0.6,0.045
A,CNN,42,S6,0.6,0.13
A,CNN,42,S7,0.6,0.035
A,CNN,42,S8,0.6,0.13
A,CNN,42,S9,0.6,0.13
A,CNN,42,S10,0.6,0.13
A,CNN,1,S1,0.37,0.035
A,CNN,1,S2,0.195,0.035
A,CNN,1,S3,0.255,0.06
A,CNN,1,S4,0.4,0.08
A,CNN,1,S5,0.4,0.08
A,CNN,1,S6,0.37,0.0699999999999999
A,CNN,1,S7,0.225,0.025
A,CNN,1,S8,0.255,0.06
A,CNN,1,S9,0.37,0.06
A,CNN,1,S10,0.37,0.06
A,CNN,2,S1,0.7000000000000001,0.01
A,CNN,2,S2,0.59,0.01
A,CNN,2,S3,0.48,0.01
A,CNN,2,S4,0.6950000000000001,0.01
A,CNN,2,S5,0.6950000000000001,0.055
A,CNN,2,S6,0.6950000000000001,0.015
A,CNN,2,S7,0.6950000000000001,0.01
A,CNN,2,S8,0.6950000000000001,0.01
A,CNN,2,S9,0.6950000000000001,0.015
A,CNN,2,S10,0.6950000000000001,0.015
A,CNN,3,S1,0.45,0.02
A,CNN,3,S2,0.26,0.02
A,CNN,3,S3,0.29,0.02
A,CNN,3,S4,0.54,0.025
A,CNN,3,S5,0.49,0.05
A,CNN,3,S6,0.445,0.02
A,CNN,3,S7,0.185,0.015
A,CNN,3,S8,0.49,0.02
A,CNN,3,S9,0.49,0.02
A,CNN,3,S10,0.49,0.02
A,CNN,4,S1,0.335,0.015
A,CNN,4,S2,0.335,0.065
A,CNN,4,S3,0.13,0.015
A,CNN,4,S4,0.335,0.065
A,CNN,4,S5,0.335,0.065
A,CNN,4,S6,0.335,0.065
A,CNN,4,S7,0.33,0.01
A,CNN,4,S8,0.335,0.065
A,CNN,4,S9,0.335,0.065
A,CNN,4,S10,0.335,0.065
A,CNN-BiLSTM,42,S1,0.8400000000000001,0.32
A,CNN-BiLSTM,42,S2,0.8400000000000001,0.315
A,CNN-BiLSTM,42,S3,0.8400000000000001,0.32
A,CNN-BiLSTM,42,S4,0.8400000000000001,0.31
A,CNN-BiLSTM,42,S5,0.8400000000000001,0.41
A,CNN-BiLSTM,42,S6,0.8400000000000001,0.41
A,CNN-BiLSTM,42,S7,0.8350000000000001,0.105
A,CNN-BiLSTM,42,S8,0.8400000000000001,0.315
A,CNN-BiLSTM,42,S9,0.8400000000000001,0.41
A,CNN-BiLSTM,42,S10,0.8400000000000001,0.41
A,CNN-BiLSTM,1,S1,0.7050000000000001,0.165
A,CNN-BiLSTM,1,S2,0.605,0.165
A,CNN-BiLSTM,1,S3,0.6,0.17
A,CNN-BiLSTM,1,S4,0.73,0.165
A,CNN-BiLSTM,1,S5,0.73,0.165
A,CNN-BiLSTM,1,S6,0.685,0.165
A,CNN-BiLSTM,1,S7,0.86,0.165
A,CNN-BiLSTM,1,S8,0.7050000000000001,0.165
A,CNN-BiLSTM,1,S9,0.7050000000000001,0.165
A,CNN-BiLSTM,1,S10,0.7050000000000001,0.23
A,CNN-BiLSTM,2,S1,0.42,0.09
A,CNN-BiLSTM,2,S2,0.42,0.09
A,CNN-BiLSTM,2,S3,0.765,0.15
A,CNN-BiLSTM,2,S4,0.42,0.09
A,CNN-BiLSTM,2,S5,0.43,0.09
A,CNN-BiLSTM,2,S6,0.42,0.09
A,CNN-BiLSTM,2,S7,0.485,0.075
A,CNN-BiLSTM,2,S8,0.42,0.09
A,CNN-BiLSTM,2,S9,0.42,0.09
A,CNN-BiLSTM,2,S10,0.42,0.09
A,CNN-BiLSTM,3,S1,0.5850000000000001,0.075
A,CNN-BiLSTM,3,S2,0.56,0.075
A,CNN-BiLSTM,3,S3,0.5650000000000001,0.0699999999999999
A,CNN-BiLSTM,3,S4,0.615,0.075
A,CNN-BiLSTM,3,S5,0.5850000000000001,0.075
A,CNN-BiLSTM,3,S6,0.56,0.075
A,CNN-BiLSTM,3,S7,0.7000000000000001,0.155
A,CNN-BiLSTM,3,S8,0.56,0.08
A,CNN-BiLSTM,3,S9,0.56,0.08
A,CNN-BiLSTM,3,S10,0.615,0.08
A,CNN-BiLSTM,4,S1,0.6900000000000001,0.33
A,CNN-BiLSTM,4,S2,0.6900000000000001,0.34
A,CNN-BiLSTM,4,S3,0.6900000000000001,0.34
A,CNN-BiLSTM,4,S4,0.7050000000000001,0.395
A,CNN-BiLSTM,4,S5,0.7050000000000001,0.415
A,CNN-BiLSTM,4,S6,0.6900000000000001,0.38
A,CNN-BiLSTM,4,S7,0.775,0.34
A,CNN-BiLSTM,4,S8,0.6900000000000001,0.345
A,CNN-BiLSTM,4,S9,0.6900000000000001,0.345
A,CNN-BiLSTM,4,S10,0.6900000000000001,0.345
A,EEGNet,42,S1,0.66,0.41
A,EEGNet,42,S2,0.595,0.41
A,EEGNet,42,S3,0.715,0.41
A,EEGNet,42,S4,0.715,0.41
A,EEGNet,42,S5,0.66,0.41
A,EEGNet,42,S6,0.66,0.435
A,EEGNet,42,S7,0.655,0.435
A,EEGNet,42,S8,0.66,0.41
A,EEGNet,42,S9,0.66,0.41
A,EEGNet,42,S10,0.66,0.41
A,EEGNet,1,S1,0.6900000000000001,0.41
A,EEGNet,1,S2,0.665,0.455
A,EEGNet,1,S3,0.67,0.375
A,EEGNet,1,S4,0.76,0.455
A,EEGNet,1,S5,0.735,0.455
A,EEGNet,1,S6,0.735,0.455
A,EEGNet,1,S7,0.6900000000000001,0.41
A,EEGNet,1,S8,0.735,0.455
A,EEGNet,1,S9,0.735,0.455
A,EEGNet,1,S10,0.735,0.455
A,EEGNet,2,S1,0.765,0.355
A,EEGNet,2,S2,0.7000000000000001,0.355
A,EEGNet,2,S3,0.63,0.26
A,EEGNet,2,S4,0.77,0.465
A,EEGNet,2,S5,0.765,0.465
A,EEGNet,2,S6,0.77,0.465
A,EEGNet,2,S7,0.77,0.26
A,EEGNet,2,S8,0.765,0.465
A,EEGNet,2,S9,0.765,0.465
A,EEGNet,2,S10,0.765,0.465
A,EEGNet,3,S1,0.66,0.455
A,EEGNet,3,S2,0.66,0.425
A,EEGNet,3,S3,0.66,0.35
A,EEGNet,3,S4,0.715,0.455
A,EEGNet,3,S5,0.665,0.44
A,EEGNet,3,S6,0.675,0.425
A,EEGNet,3,S7,0.67,0.335
A,EEGNet,3,S8,0.665,0.44
A,EEGNet,3,S9,0.665,0.44
A,EEGNet,3,S10,0.665,0.44
A,EEGNet,4,S1,0.675,0.37
A,EEGNet,4,S2,0.5850000000000001,0.37
A,EEGNet,4,S3,0.61,0.37
A,EEGNet,4,S4,0.7000000000000001,0.37
A,EEGNet,4,S5,0.7000000000000001,0.37
A,EEGNet,4,S6,0.7000000000000001,0.375
A,EEGNet,4,S7,0.61,0.37
A,EEGNet,4,S8,0.685,0.37
A,EEGNet,4,S9,0.61,0.37
A,EEGNet,4,S10,0.685,0.37
