model,seed,subject,n_drowsy,auc,pr_auc,bal_acc,f1,precision,recall,epochs,val_subs,arm
EEGNet,42,S1,82,0.9207750549069472,0.6005308349222139,0.847864408738874,0.5036496350364964,0.359375,0.8414634146341463,,,A_trimmed_keep_drowsy
EEGNet,42,S2,58,0.8729342126171937,0.2798626982527396,0.6480613379945972,0.160337552742616,0.0872894333843797,0.9827586206896552,,,A_trimmed_keep_drowsy
EEGNet,42,S3,178,0.8957444571291233,0.7680202978426646,0.8080724628973142,0.6890756302521008,0.6871508379888268,0.6910112359550562,,,A_trimmed_keep_drowsy
EEGNet,42,S4,79,0.9171312002152048,0.5755789505768992,0.8102237233422503,0.6380368098159509,0.6190476190476191,0.6582278481012658,,,A_trimmed_keep_drowsy
EEGNet,42,S5,60,0.9256928406466514,0.5751889566411365,0.8495188606620477,0.5222222222222223,0.3916666666666666,0.7833333333333333,,,A_trimmed_keep_drowsy
EEGNet,42,S6,50,0.8346118721461186,0.296536212236454,0.6257305936073059,0.3146067415730337,0.358974358974359,0.28,,,A_trimmed_keep_drowsy
EEGNet,42,S7,238,0.9412986124682432,0.8308440659882064,0.8926433945671292,0.8205128205128205,0.7732342007434945,0.8739495798319328,,,A_trimmed_keep_drowsy
EEGNet,42,S8,11,0.8266269249875807,0.1495030366844417,0.4989071038251366,0.0,0.0,0.0,,,A_trimmed_keep_drowsy
EEGNet,42,S9,5,0.9024972855591749,0.0319164990970264,0.498371335504886,0.0,0.0,0.0,,,A_trimmed_keep_drowsy
EEGNet,42,S10,9,0.8919180903913728,0.2650642345969533,0.5,0.0,0.0,0.0,,,A_trimmed_keep_drowsy
EEGNet,1,S1,82,0.9116720610334064,0.5907654001847513,0.8652178938851,0.546875,0.4022988505747126,0.8536585365853658,,,A_trimmed_keep_drowsy
EEGNet,1,S2,58,0.8529318290163673,0.2191037709589124,0.772028444303194,0.255,0.1491228070175438,0.8793103448275862,,,A_trimmed_keep_drowsy
EEGNet,1,S3,178,0.9097518476236256,0.7811844319477838,0.7772486931442648,0.5346534653465347,0.3785046728971962,0.9101123595505618,,,A_trimmed_keep_drowsy
EEGNet,1,S4,79,0.9212709040096844,0.5849372708584955,0.7292902724433219,0.5588235294117647,0.6666666666666666,0.4810126582278481,,,A_trimmed_keep_drowsy
EEGNet,1,S5,60,0.8780889145496535,0.4938898213310798,0.785161662817552,0.4642857142857143,0.3611111111111111,0.65,,,A_trimmed_keep_drowsy
EEGNet,1,S6,50,0.8063242009132421,0.22383467398131,0.6323059360730594,0.3125,0.3260869565217391,0.3,,,A_trimmed_keep_drowsy
EEGNet,1,S7,238,0.938874096150088,0.813247020456633,0.9033185948798124,0.8163265306122449,0.7308970099667774,0.9243697478991596,,,A_trimmed_keep_drowsy
EEGNet,1,S8,11,0.8403378042722306,0.1671643059520569,0.4989071038251366,0.0,0.0,0.0,,,A_trimmed_keep_drowsy
EEGNet,1,S9,5,0.9094462540716612,0.0351641762634434,0.498914223669924,0.0,0.0,0.0,,,A_trimmed_keep_drowsy
EEGNet,1,S10,9,0.914697685690052,0.406246859027297,0.5,0.0,0.0,0.0,,,A_trimmed_keep_drowsy
EEGNet,2,S1,82,0.8881054213385735,0.5421698854825814,0.8354958964281587,0.5057471264367817,0.3687150837988827,0.8048780487804879,,,A_trimmed_keep_drowsy
EEGNet,2,S2,58,0.8589305577625933,0.2757920250999721,0.7950699189575718,0.2833333333333333,0.1688741721854304,0.8793103448275862,,,A_trimmed_keep_drowsy
EEGNet,2,S3,178,0.9051402992248992,0.7690019549226961,0.744367001141621,0.4911242603550296,0.3333333333333333,0.9325842696629212,,,A_trimmed_keep_drowsy
EEGNet,2,S4,79,0.9240506329113924,0.5794840438080285,0.7734296773422205,0.5935483870967742,0.6052631578947368,0.5822784810126582,,,A_trimmed_keep_drowsy
EEGNet,2,S5,60,0.9037143956889916,0.5468782201945973,0.774345650500385,0.56,0.5384615384615384,0.5833333333333334,,,A_trimmed_keep_drowsy
EEGNet,2,S6,50,0.8242237442922374,0.1954146198723887,0.5988812785388128,0.2424242424242424,0.2448979591836734,0.24,,,A_trimmed_keep_drowsy
EEGNet,2,S7,238,0.9501783271448114,0.8471286998833006,0.9091325483681844,0.8286252354048964,0.7508532423208191,0.9243697478991596,,,A_trimmed_keep_drowsy
EEGNet,2,S8,11,0.7697963238946846,0.1153731979093628,0.5876304023845007,0.2105263157894736,0.25,0.1818181818181818,,,A_trimmed_keep_drowsy
EEGNet,2,S9,5,0.8564603691639523,0.0334254173108953,0.499457111834962,0.0,0.0,0.0,,,A_trimmed_keep_drowsy
EEGNet,2,S10,9,0.8868290318671999,0.3754879151823258,0.6105658548406641,0.3333333333333333,0.6666666666666666,0.2222222222222222,,,A_trimmed_keep_drowsy
EEGNet,3,S1,82,0.9078863715177437,0.5607975626728612,0.8439631256502138,0.5193798449612403,0.3806818181818182,0.8170731707317073,,,A_trimmed_keep_drowsy
EEGNet,3,S2,58,0.8639559828380742,0.2531213987737516,0.7644406483394248,0.2271805273833671,0.128735632183908,0.9655172413793104,,,A_trimmed_keep_drowsy
EEGNet,3,S3,178,0.9182989845580724,0.7829832068692452,0.8339091509944121,0.6666666666666666,0.5615384615384615,0.8202247191011236,,,A_trimmed_keep_drowsy
EEGNet,3,S4,79,0.9364697442948308,0.5983557266170895,0.7906460627979615,0.6086956521739131,0.5975609756097561,0.620253164556962,,,A_trimmed_keep_drowsy
EEGNet,3,S5,60,0.880311778290993,0.5115939851363159,0.7547921478060047,0.515625,0.4852941176470588,0.55,,,A_trimmed_keep_drowsy
EEGNet,3,S6,50,0.822283105022831,0.2894662319403225,0.6605936073059361,0.3529411764705882,0.3461538461538461,0.36,,,A_trimmed_keep_drowsy
EEGNet,3,S7,238,0.938654240766074,0.8162154681916509,0.890078415086965,0.7858407079646018,0.6788990825688074,0.9327731092436976,,,A_trimmed_keep_drowsy
EEGNet,3,S8,11,0.8347739692001988,0.1598595793778903,0.5432687531048187,0.125,0.2,0.0909090909090909,,,A_trimmed_keep_drowsy
EEGNet,3,S9,5,0.8618892508143322,0.0296460309980994,0.498371335504886,0.0,0.0,0.0,,,A_trimmed_keep_drowsy
EEGNet,3,S10,9,0.8990670059372349,0.2418764999885943,0.6089300860293226,0.2666666666666666,0.3333333333333333,0.2222222222222222,,,A_trimmed_keep_drowsy
EEGNet,4,S1,82,0.908305398219859,0.5770846280226921,0.8526759912148885,0.5689655172413793,0.44,0.8048780487804879,,,A_trimmed_keep_drowsy
EEGNet,4,S2,58,0.8467344668679485,0.2551838580756652,0.7517678372795169,0.2174757281553398,0.1225382932166301,0.9655172413793104,,,A_trimmed_keep_drowsy
EEGNet,4,S3,178,0.9127410923511384,0.7803168176563052,0.8450174247431352,0.6652267818574514,0.5403508771929825,0.8651685393258427,,,A_trimmed_keep_drowsy
EEGNet,4,S4,79,0.9273085947424268,0.5725562820286711,0.6982350215952058,0.5076923076923077,0.6470588235294118,0.4177215189873418,,,A_trimmed_keep_drowsy
EEGNet,4,S5,60,0.9085835257890684,0.5428997487998153,0.7315242494226328,0.4918032786885246,0.4838709677419355,0.5,,,A_trimmed_keep_drowsy
EEGNet,4,S6,50,0.8108447488584475,0.2339351035265999,0.6340182648401826,0.3225806451612903,0.3488372093023256,0.3,,,A_trimmed_keep_drowsy
EEGNet,4,S7,238,0.9485660543287082,0.8579319228814728,0.8833545045925347,0.8046875,0.7518248175182481,0.865546218487395,,,A_trimmed_keep_drowsy
EEGNet,4,S8,11,0.833184302036761,0.110629968329556,0.585444610034774,0.1739130434782608,0.1666666666666666,0.1818181818181818,,,A_trimmed_keep_drowsy
EEGNet,4,S9,5,0.7333333333333334,0.0172001141376196,0.498914223669924,0.0,0.0,0.0,,,A_trimmed_keep_drowsy
EEGNet,4,S10,9,0.9280261723009816,0.4250958762427186,0.7189506845995395,0.4210526315789473,0.4,0.4444444444444444,,,A_trimmed_keep_drowsy
