model,seed,auc,pr_auc,bal_acc,brier,fp,arm
CNN,1,0.8797578511006073,0.4905436414301295,0.7238967157695073,0.0634978948172714,344,A_trimmed_keep_drowsy
CNN,2,0.88643193673229,0.4491523688401947,0.7605356951646705,0.0786559028611035,626,A_trimmed_keep_drowsy
CNN,3,0.874651767549294,0.4752682060958142,0.7253690361464213,0.0617840376581057,319,A_trimmed_keep_drowsy
CNN,4,0.866291588270387,0.4732308935511875,0.6875720863353373,0.0622656145128621,200,A_trimmed_keep_drowsy
CNN,42,0.8736236672632431,0.5068372001123602,0.7518386795771954,0.0693349611386407,487,A_trimmed_keep_drowsy
CNN-BiLSTM,1,0.8895718415859758,0.5016688072885397,0.8172984259556697,0.086420338892124,864,A_trimmed_keep_drowsy
CNN-BiLSTM,2,0.8866369908066023,0.4904593473670899,0.7632371162406498,0.0696111225117053,525,A_trimmed_keep_drowsy
CNN-BiLSTM,3,0.8350598871093571,0.4143008973771527,0.6975303259755556,0.0754356195898765,494,A_trimmed_keep_drowsy
CNN-BiLSTM,4,0.8699059244642283,0.5336803493241734,0.8174659262998485,0.080301359228174,795,A_trimmed_keep_drowsy
CNN-BiLSTM,42,0.8943530968442629,0.5163047440923629,0.8168724090985575,0.0789404354569775,772,A_trimmed_keep_drowsy
EEGNet,1,0.9058532574610312,0.5712535792932218,0.8308154742783718,0.0973686236859584,855,A_trimmed_keep_drowsy
EEGNet,2,0.9068190231441116,0.561505834427479,0.8381380692334757,0.0971998322500446,874,A_trimmed_keep_drowsy
EEGNet,3,0.904639836017928,0.5022382804445001,0.8377166414268888,0.1048884981632817,815,A_trimmed_keep_drowsy
EEGNet,4,0.8990620745567742,0.5038887758469859,0.8215960717727502,0.097578791377354,780,A_trimmed_keep_drowsy
EEGNet,42,0.8909364722438927,0.4128597395761587,0.8130038395056063,0.1078830221846623,970,A_trimmed_keep_drowsy
ShallowConvNet,1,0.8740181726400807,0.4564947421360099,0.8118175699447785,0.1275913078397146,1354,A_trimmed_keep_drowsy
ShallowConvNet,2,0.8804670123751397,0.5577353076183557,0.8161549875330794,0.1381255180865566,1556,A_trimmed_keep_drowsy
ShallowConvNet,3,0.8736201489911738,0.4328040363760078,0.8104584461474922,0.1263608565873475,1344,A_trimmed_keep_drowsy
ShallowConvNet,4,0.8888712465390911,0.4628752707709015,0.8200052009239289,0.1168716912624198,1226,A_trimmed_keep_drowsy
ShallowConvNet,42,0.8835565141572209,0.460977007778836,0.8150283756290824,0.136327434364329,1520,A_trimmed_keep_drowsy
DeepConvNet,1,0.8869586832484359,0.5520282581077658,0.7037469597540269,0.0540189271229743,201,A_trimmed_keep_drowsy
DeepConvNet,2,0.8881818181818182,0.54734149052756,0.800358710782739,0.0643549101681537,457,A_trimmed_keep_drowsy
DeepConvNet,3,0.8398386183898552,0.4743374717192014,0.7460817156930231,0.05971382352792,265,A_trimmed_keep_drowsy
DeepConvNet,4,0.8446525323910483,0.4302433220663686,0.682440763006134,0.0610205665548343,232,A_trimmed_keep_drowsy
DeepConvNet,42,0.8917319841524789,0.4894922270545714,0.7023939546907745,0.0566889065719178,235,A_trimmed_keep_drowsy
CNN,1,0.8896558765517312,0.5027893016908628,0.7285024787392689,0.0546698722504559,303,B_untrimmed_proportional
CNN,2,0.8636189593325542,0.318984930828779,0.587603532707267,0.0585945465662882,194,B_untrimmed_proportional
CNN,3,0.8602007741022126,0.3809674669362642,0.6576694812784653,0.0605128047292003,269,B_untrimmed_proportional
CNN,4,0.8651207818608682,0.4579342539619304,0.676988029503043,0.050104111753751,127,B_untrimmed_proportional
CNN,42,0.8822139121760509,0.3814772259167054,0.7204642094232396,0.0648420137154444,438,B_untrimmed_proportional
CNN-BiLSTM,1,0.8791812981137398,0.4602438334357446,0.804935310950788,0.0712715295831784,663,B_untrimmed_proportional
CNN-BiLSTM,2,0.9020938923259844,0.5158390530104697,0.8245448087541816,0.072940193140754,784,B_untrimmed_proportional
CNN-BiLSTM,3,0.8613254485157793,0.3305807384848545,0.7006544476240377,0.0792039451968677,683,B_untrimmed_proportional
CNN-BiLSTM,4,0.8280555688505099,0.4503416574437671,0.7767270565474991,0.0669954210897131,580,B_untrimmed_proportional
CNN-BiLSTM,42,0.899532811807263,0.5444442191837519,0.8386615311756882,0.0809754439614723,993,B_untrimmed_proportional
EEGNet,1,0.915818982129902,0.5230326387714421,0.8428355870380073,0.0849709160130707,822,B_untrimmed_proportional
EEGNet,2,0.9231406621558986,0.5678516095692057,0.857944812784652,0.0960534490898618,959,B_untrimmed_proportional
EEGNet,3,0.9194482160130588,0.5086747296277018,0.8378151324009512,0.0782751638947945,700,B_untrimmed_proportional
EEGNet,4,0.9245313318689292,0.5447891034305432,0.8422788783201,0.0763776762280473,631,B_untrimmed_proportional
EEGNet,42,0.9118610130083432,0.4667058030496549,0.8294707992422716,0.0936436084484465,948,B_untrimmed_proportional
ShallowConvNet,1,0.8886360573435168,0.4774219762523966,0.8117266535004635,0.1265023977603157,1544,B_untrimmed_proportional
ShallowConvNet,2,0.8969492173330378,0.5886238164632033,0.8253080790778284,0.1112757020185466,1414,B_untrimmed_proportional
ShallowConvNet,3,0.8838342872113175,0.3615627888917183,0.8102618294304945,0.1121364291707748,1249,B_untrimmed_proportional
ShallowConvNet,4,0.8740337891963241,0.4456151505439458,0.7918992583934545,0.1100380973615545,1266,B_untrimmed_proportional
ShallowConvNet,42,0.8473454629499014,0.2777810934798835,0.7816555660795614,0.2246228659226335,2797,B_untrimmed_proportional
DeepConvNet,1,0.8688599090373222,0.5548721211207449,0.7803884869614284,0.068396836268557,660,B_untrimmed_proportional
DeepConvNet,2,0.8241462487656684,0.3120181483939973,0.5757766212567007,0.058191009199066,144,B_untrimmed_proportional
DeepConvNet,3,0.8798841113820483,0.377886547790271,0.6705745435492322,0.0567758280166476,232,B_untrimmed_proportional
DeepConvNet,4,0.8524657347043649,0.434666099820063,0.7332382814074403,0.0602818339367629,390,B_untrimmed_proportional
DeepConvNet,42,0.8831136044748297,0.3873429647548256,0.7644656100116884,0.0576433999935087,377,B_untrimmed_proportional
DeepConvNet,1,0.8865023859453741,0.5296628244308187,0.7399951133845332,0.0487775459129396,242,C_trimmed_proportional
DeepConvNet,2,0.8562449094150579,0.3993854130806065,0.693934869237181,0.0598305413660183,293,C_trimmed_proportional
DeepConvNet,3,0.9104358137694234,0.5848083834458007,0.7525367054210111,0.0452828891587643,218,C_trimmed_proportional
DeepConvNet,4,0.8915610884901345,0.5798320836228192,0.7440149775456213,0.0461244452403687,224,C_trimmed_proportional
DeepConvNet,42,0.8921850663716241,0.4525954433977411,0.7392845295879894,0.0555280181458481,318,C_trimmed_proportional
EEGNet,1,0.917289534215912,0.5458771981238643,0.8428921115248853,0.0897987585524823,746,C_trimmed_proportional
EEGNet,2,0.9192602730102228,0.5444134941649926,0.8502697934314821,0.092062044415497,900,C_trimmed_proportional
EEGNet,3,0.9130625426216172,0.4586474116403367,0.8460148560723897,0.1021661019909494,871,C_trimmed_proportional
EEGNet,4,0.9184108255836468,0.5426905108825795,0.8397413346931875,0.0884240569475716,647,C_trimmed_proportional
EEGNet,42,0.90945399166749,0.4477850665215316,0.8428727311802577,0.1035367013708877,976,C_trimmed_proportional
ShallowConvNet,1,0.8587287082256239,0.3720514299339406,0.7971888464040203,0.1260387816803778,1314,C_trimmed_proportional
ShallowConvNet,2,0.8404999367543219,0.3597419860644851,0.772622183123146,0.1488181745046238,1519,C_trimmed_proportional
ShallowConvNet,3,0.8284510726761194,0.3633566815668593,0.7684740106982964,0.14542889432821,1603,C_trimmed_proportional
ShallowConvNet,4,0.8927837805895813,0.4361757145139003,0.821694080913977,0.1231448334124558,1378,C_trimmed_proportional
ShallowConvNet,42,0.8863700112700165,0.351934579057361,0.8298492261099617,0.1478771706082576,1659,C_trimmed_proportional
CNN-BiLSTM,1,0.9043031459663532,0.467238299665432,0.8361754378011199,0.0728963168595292,721,C_trimmed_proportional
CNN-BiLSTM,2,0.8897331066986605,0.500194934072014,0.8199816890351028,0.0798851892757149,846,C_trimmed_proportional
CNN-BiLSTM,3,0.87426741864711,0.4121303385746304,0.774553296034245,0.0753925990103573,682,C_trimmed_proportional
CNN-BiLSTM,4,0.8942727793888652,0.476129249415426,0.8189637883451799,0.0929485492702982,889,C_trimmed_proportional
CNN-BiLSTM,42,0.917907801817288,0.5316597344394898,0.8442982247431282,0.0830562211648053,926,C_trimmed_proportional
CNN,1,0.8843535037154024,0.4693957371678517,0.7419813391506668,0.0598541525017979,361,C_trimmed_proportional
CNN,2,0.8726085822741484,0.4487340518730823,0.7571378068821334,0.0693567789754043,509,C_trimmed_proportional
CNN,3,0.8745053469851711,0.4167079218846934,0.7062759093145224,0.0629795239779033,349,C_trimmed_proportional
CNN,4,0.8615450875931013,0.4771441439259638,0.6896734429234143,0.0510093046217437,111,C_trimmed_proportional
CNN,42,0.8888262103933673,0.517842377297574,0.7392284650196027,0.0607412705861765,370,C_trimmed_proportional
