arm,claim,value,note
A,"folds measured for recalibration monotonicity",150,"15 probability file(s)"
A,"Platt fits with a positive slope",150,"of 150"
A,"smallest fitted Platt slope",0.3243,""
A,"largest fitted Platt slope",1.3312,""
A,"largest Platt change in fold ROC-AUC",0.0000397267,"attributable to epsilon-clip ties, not reordering"
A,"largest Platt change in fold PR-AUC",0.003413347,"attributable to epsilon-clip ties, not reordering"
A,"folds on which the epsilon-clip created ties under Platt",10,"of 150"
A,"most ties created on one fold by the epsilon-clip",95,""
A,"folds on which isotonic lowered ROC-AUC",123,"of 150"
A,"folds on which isotonic lowered PR-AUC",144,"of 150"
A,"largest isotonic fall in fold ROC-AUC",-0.3643,""
A,"largest isotonic fall in fold PR-AUC",-0.3155,""
A,"median distinct scores per fold before isotonic",926,""
A,"median distinct scores per fold after isotonic",25,""
