scope,name,n_tests,n_nominal,n_bh,n_by,alpha
family,"EEGNet pairs, ROC-AUC",12,11,10,8,0.05
family,"other architecture pairs, ROC-AUC",18,0,0,0,0.05
family,"ablation, CNN against CNN-BiLSTM",9,8,8,6,0.05
family,"arm A against arm C, balancing isolated",20,7,4,0,0.05
family,"arm B against arm C, trimming isolated",20,0,0,0,0.05
family,"recalibration, Platt against raw",18,13,5,3,0.05
family,threshold selection against 0.5,24,7,0,0,0.05
family,parameter count against ROC-AUC,3,0,0,0,0.05
family,cross-arm ordering agreement,12,3,0,0,0.05
family,ROC-AUC against pooled Brier,6,0,0,0,0.05
family,accuracy against pooled recall,3,1,1,0,0.05
family,drowsy count vs PR-AUC,45,32,32,30,0.05
summary,all registered comparisons,190,82,57,24,0.05
summary,drowsy-count / prevalence family,45,32,32,30,0.05
summary,remaining comparisons,145,50,22,0,0.05
